ticker,gics_sector,start_date,end_date
A,Health Care,2000-06-05,
AABA,Communication Services,1999-12-08,2017-06-19
AAL,Industrials,2015-03-23,2024-09-23
AAP,Consumer Discretionary,2015-07-09,2023-08-25
AAPL,Information Technology,1996-01-02,
ABBV,Health Care,2013-01-02,
ABMD,Health Care,2018-05-31,2022-12-22
ABNB,Consumer Discretionary,2023-09-18,
ABT,Health Care,1996-01-02,
ACGL,Financials,2022-11-01,
ACN,Information Technology,2011-07-06,
ADBE,Information Technology,1997-05-06,
ADI,Information Technology,1999-10-12,
ADM,Consumer Staples,1996-01-02,
ADP,Industrials,1996-01-02,
ADS,Financials,2013-12-23,2020-06-22
ADSK,Information Technology,1996-01-02,
ADT,Industrials,2012-10-02,2016-05-02
AEE,Utilities,1996-01-02,
AEP,Utilities,1996-01-02,
AES,Utilities,1998-10-02,
AET,Health Care,1996-01-02,2018-11-29
AFL,Financials,1999-05-28,
AGN,Health Care,1996-01-02,2020-05-12
AIG,Financials,1996-01-02,
AIV,Real Estate,2003-03-14,2020-12-21
AIZ,Financials,2007-04-10,
AJG,Financials,2016-05-31,
AKAM,Information Technology,2007-07-12,
ALB,Materials,2016-07-01,
ALGN,Health Care,2017-06-19,
ALK,Industrials,2016-05-13,2023-12-18
ALL,Financials,1996-01-02,
ALLE,Industrials,2013-12-02,
ALTR,Information Technology,2000-04-18,2015-12-28
ALXN,Health Care,2012-05-25,2021-07-21
AMAT,Information Technology,1996-01-02,
AMCR,Materials,2019-06-07,
AMD,Information Technology,2017-03-20,
AME,Industrials,2013-09-23,
AMG,Financials,2014-07-01,2019-12-23
AMGN,Health Care,1996-01-02,
AMP,Financials,2005-10-03,
AMT,Real Estate,2007-11-19,
AMTM,Industrials,2024-09-30,2024-12-23
AMZN,Consumer Discretionary,2005-11-21,
AN,Consumer Discretionary,2003-02-24,2017-08-08
ANDV,Energy,2007-09-27,2018-10-01
ANET,Information Technology,2018-08-28,
ANSS,Information Technology,2017-06-19,2025-07-18
AON,Financials,1996-04-23,
AOS,Industrials,2017-07-26,
APA,Energy,1997-07-28,
APC,Energy,1997-07-28,2019-08-09
APD,Materials,1996-01-02,
APH,Information Technology,2008-09-30,
APO,Financials,2024-12-23,
APP,Information Technology,2025-09-22,
APTV,Consumer Discretionary,2012-12-24,
ARE,Real Estate,2017-03-20,
ARES,Financials,2025-12-11,
ARG,Materials,2009-09-09,2016-05-23
ARNC,Industrials,1996-01-02,2020-04-06
ATI,Materials,1996-01-02,2015-07-02
ATO,Utilities,2019-02-15,
ATVI,Communication Services,2015-08-31,2023-10-18
AVB,Real Estate,2007-01-10,
AVGO,Information Technology,2014-05-08,
AVP,Consumer Staples,1996-01-02,2015-03-23
AVY,Materials,1996-01-02,
AWK,Utilities,2016-03-04,
AXON,Industrials,2023-05-04,
AXP,Financials,1996-01-02,
AYI,Industrials,2016-05-03,2018-06-18
AZO,Consumer Discretionary,1997-01-02,
BA,Industrials,1996-01-02,
BAC,Financials,1996-01-02,
BALL,Materials,1996-01-02,
BAX,Health Care,1996-01-02,
BBBY,Consumer Discretionary,1999-10-01,2017-07-26
BBT,Financials,1997-12-04,2019-12-09
BBWI,Consumer Discretionary,1996-01-02,2024-10-01
BBY,Consumer Discretionary,1999-06-30,
BCR,Health Care,1996-01-02,2017-12-29
BDX,Health Care,1996-01-02,
BEN,Financials,1998-04-29,
BF.B,Consumer Staples,1996-01-02,
BG,Consumer Staples,2023-03-15,
BHF,Financials,2017-08-07,2019-04-02
BIIB,Health Care,2003-11-13,
BIO,Health Care,2020-06-22,2024-09-23
BKNG,Consumer Discretionary,2009-11-06,
BKR,Energy,1996-01-02,
BLDR,Industrials,2023-12-18,
BLK,Financials,2011-04-04,
BMY,Health Care,1996-01-02,
BNY,Financials,1996-01-02,
BR,Industrials,2018-06-18,
BRCM,Information Technology,2000-07-03,2016-02-01
BRK.B,Financials,2010-02-16,
BRO,Financials,2021-09-20,
BSX,Health Care,1996-01-02,
BWA,Consumer Discretionary,2011-12-19,2025-03-24
BX,Financials,2023-09-18,
BXLT,Health Care,2015-07-01,2016-06-03
BXP,Real Estate,2006-04-03,
C,Financials,1996-01-02,
CA,Information Technology,1996-01-02,2018-11-06
CAG,Consumer Staples,1996-01-02,2026-06-30
CAH,Health Care,1997-05-27,
CAM,Energy,2008-01-29,2016-04-04
CARR,Industrials,2020-04-03,
CASY,Consumer Staples,2026-04-09,
CAT,Industrials,1996-01-02,
CB,Financials,1996-01-02,
CBOE,Financials,2017-03-01,
CBRE,Real Estate,2006-11-10,
CBS,Communication Services,1996-01-02,2019-12-05
CCE,Consumer Staples,1998-10-08,2016-05-31
CCEP,Consumer Staples,2016-01-04,2016-05-31
CCI,Real Estate,2012-03-13,
CCL,Consumer Discretionary,1998-12-22,
CDNS,Information Technology,2017-09-18,
CDW,Information Technology,2019-09-23,
CE,Materials,2018-12-24,2025-03-24
CEG,Utilities,2022-02-02,
CELG,Health Care,2006-11-06,2019-11-21
CERN,Health Care,2010-04-30,2022-06-08
CF,Materials,2008-08-27,
CFG,Financials,2016-02-01,
CFN,Health Care,2009-09-01,2015-03-17
CHD,Consumer Staples,2015-12-29,
CHRW,Industrials,2007-03-02,
CHTR,Communication Services,2016-09-08,
CI,Health Care,1996-01-02,
CIEN,Information Technology,2026-02-09,
CINF,Financials,1997-12-18,
CL,Consumer Staples,1996-01-02,
CLX,Consumer Staples,1996-01-02,
CMA,Financials,1996-01-02,2024-06-24
CMCSA,Communication Services,1996-01-02,
CME,Financials,2006-08-11,
CMG,Consumer Discretionary,2011-04-28,
CMI,Industrials,1996-01-02,
CMS,Utilities,1999-05-03,
CNC,Health Care,2016-03-30,
CNP,Utilities,1996-01-02,
CNX,Energy,2006-06-28,2016-03-04
COF,Financials,1998-07-01,
COHR,Information Technology,2026-03-23,
COIN,Financials,2025-05-19,
COL,Industrials,2001-07-02,2018-11-27
COO,Health Care,2016-09-23,
COP,Energy,1996-01-02,
COR,Health Care,2001-08-30,
COST,Consumer Staples,1996-01-02,
COTY,Consumer Staples,2016-10-03,2020-09-21
COV,Health Care,2011-03-01,2015-01-27
CPAY,Financials,2018-06-20,
CPB,Consumer Staples,1996-01-02,2026-06-22
CPGX,Energy,2015-07-02,2016-07-01
CPRI,Consumer Discretionary,2013-11-13,2020-05-12
CPRT,Industrials,2018-07-02,
CPT,Real Estate,2022-04-04,
CRH,Materials,2025-12-22,
CRL,Health Care,2021-05-14,
CRM,Information Technology,2008-09-15,
CRWD,Information Technology,2024-06-24,
CSCO,Information Technology,1996-01-02,
CSGP,Real Estate,2022-09-19,
CSRA,Information Technology,2015-11-30,2018-04-04
CSX,Industrials,1996-01-02,
CTAS,Industrials,2001-03-01,
CTLT,Health Care,2020-09-21,2024-12-23
CTRA,Energy,2008-06-23,2026-05-07
CTSH,Information Technology,2006-11-17,
CTVA,Materials,2019-06-03,
CTXS,Information Technology,1999-12-01,2022-10-03
CVC,Communication Services,2010-12-20,2016-06-21
CVNA,Consumer Discretionary,2025-12-22,
CVS,Health Care,1996-01-02,
CVX,Energy,1996-01-02,
CXO,Energy,2016-02-22,2021-01-21
CZR,Consumer Discretionary,2021-03-22,2025-09-22
D,Utilities,1996-01-02,
DAL,Industrials,2013-09-11,
DASH,Communication Services,2025-03-24,
DAY,Industrials,2021-09-20,2026-02-09
DD,Materials,1996-01-02,2017-09-01
DD,Materials,2019-06-03,
DDOG,Information Technology,2025-07-09,
DE,Industrials,1996-01-02,
DECK,Consumer Discretionary,2024-03-18,
DELL,Information Technology,2024-09-23,
DFS,Financials,2007-07-02,2025-05-19
DG,Consumer Staples,2012-12-03,
DGX,Health Care,2002-12-12,
DHI,Consumer Discretionary,2005-07-05,
DHR,Health Care,1998-11-18,
DIS,Communication Services,1996-01-02,
DISCA,Communication Services,2010-03-01,2022-04-11
DISH,Communication Services,2017-03-13,2023-06-20
DLR,Real Estate,2016-05-18,
DLTR,Consumer Staples,2011-12-19,
DNB,Industrials,2008-12-02,2017-04-05
DNR,Energy,2009-04-02,2015-03-23
DO,Energy,2009-02-26,2016-10-03
DOC,Real Estate,2008-03-31,
DOV,Industrials,1996-01-02,
DOW,Materials,1996-01-02,2017-09-01
DOW,Materials,2019-04-02,
DPZ,Consumer Discretionary,2020-05-12,
DRE,Real Estate,2017-07-26,2022-10-03
DRI,Consumer Discretionary,1996-01-02,
DTE,Utilities,1996-01-02,
DTV,Communication Services,2006-12-04,2015-07-27
DUK,Utilities,1996-01-02,
DVA,Health Care,2008-07-31,
DVN,Energy,2000-08-30,
DWDP,Materials,2017-09-01,2019-06-03
DXC,Information Technology,1996-01-02,2015-12-01
DXC,Information Technology,2017-04-04,2023-10-02
DXCM,Health Care,2020-05-12,
EA,Communication Services,2002-07-22,
EBAY,Consumer Discretionary,2002-07-22,
ECHO,Communication Services,2026-06-24,
ECL,Materials,1996-01-02,
ED,Utilities,1996-01-02,
EFX,Industrials,1997-06-19,
EG,Financials,2017-06-19,
EIX,Utilities,1996-01-02,
EL,Consumer Staples,2006-01-05,
ELV,Health Care,2002-07-25,
EMC,Information Technology,1996-03-28,2016-09-07
EME,Industrials,2025-09-22,
EMN,Materials,1996-01-02,2025-11-04
EMR,Industrials,1996-01-02,
ENDP,Health Care,2015-01-27,2017-03-02
ENPH,Information Technology,2021-01-07,2025-09-22
EOG,Energy,2000-11-02,
EPAM,Information Technology,2021-12-14,2026-06-02
EQIX,Real Estate,2015-03-23,
EQR,Real Estate,2001-12-03,
EQT,Energy,2008-12-19,2018-11-13
EQT,Energy,2022-10-03,
ERIE,Financials,2024-09-23,
ES,Utilities,2009-03-17,
ESRX,Health Care,2003-09-26,2018-12-21
ESS,Real Estate,2014-04-02,
ESV,Energy,2012-07-31,2016-03-30
ETFC,Financials,2004-04-01,2020-10-07
ETN,Industrials,1996-01-02,
ETR,Utilities,1996-01-02,
ETSY,Consumer Discretionary,2020-09-21,2024-09-23
EVHC,Health Care,2016-12-02,2018-10-11
EVRG,Utilities,2018-06-05,
EW,Health Care,2011-04-01,
EXC,Utilities,1996-01-02,
EXE,Energy,2006-03-03,2018-03-19
EXE,Energy,2025-03-24,
EXPD,Industrials,2007-10-10,
EXPE,Consumer Discretionary,2007-10-02,
EXR,Real Estate,2016-01-19,
F,Consumer Discretionary,1996-01-02,
FANG,Energy,2018-12-03,
FAST,Industrials,2008-09-15,
FBHS,Industrials,2016-06-24,2022-12-19
FCPT,Real Estate,2015-11-10,2015-11-17
FCX,Materials,1996-01-02,
FDO,Consumer Discretionary,2001-08-06,2015-07-07
FDS,Financials,2021-12-20,
FDX,Industrials,1996-01-02,
FDXF,Industrials,2026-06-01,
FE,Utilities,1996-01-02,
FFIV,Information Technology,2010-12-20,
FI,Financials,2001-04-02,
FICO,Information Technology,2023-03-20,
FIS,Financials,2006-11-10,
FITB,Financials,1996-03-08,
FIX,Industrials,2025-12-22,
FL,Consumer Discretionary,2016-04-04,2019-08-09
FLEX,Information Technology,2026-06-22,
FLIR,Information Technology,2009-01-02,2021-05-14
FLR,Industrials,2000-12-22,2019-06-03
FLS,Industrials,2008-10-02,2021-03-22
FMC,Materials,2009-08-19,2025-03-24
FOSL,Consumer Discretionary,2012-04-04,2016-01-05
FOX,Communication Services,2015-09-21,
FOXA,Communication Services,2004-12-20,
FRC,Financials,2019-01-02,2023-05-04
FRT,Real Estate,2016-02-01,
FSLR,Information Technology,2009-10-16,2017-03-20
FSLR,Information Technology,2022-12-19,
FTI,Energy,2009-06-05,2021-02-12
FTNT,Information Technology,2018-10-11,
FTR,Communication Services,2001-02-27,2017-03-20
FTV,Industrials,2016-07-05,
GAS,Utilities,2011-12-13,2016-07-01
GD,Industrials,1996-01-02,
GDDY,Information Technology,2024-06-24,
GE,Industrials,1996-01-02,
GEHC,Health Care,2023-01-04,
GEN,Information Technology,2003-03-31,
GEV,Industrials,2024-04-02,
GGP,Real Estate,2013-12-10,2018-08-28
GILD,Health Care,2004-07-01,
GIS,Consumer Staples,1996-01-02,
GL,Financials,1996-01-02,
GLW,Information Technology,1996-01-02,
GM,Consumer Discretionary,2013-06-07,
GMCR,Consumer Staples,2014-03-24,2016-03-03
GME,Consumer Discretionary,2007-12-14,2016-04-25
GNRC,Industrials,2021-03-22,
GNW,Financials,2005-12-02,2015-11-18
GOOGL,Communication Services,2006-04-03,
GPC,Consumer Discretionary,1996-01-02,
GPN,Financials,2016-04-25,
GPS,Consumer Discretionary,1996-01-02,2022-02-02
GRMN,Consumer Discretionary,2012-12-12,
GS,Financials,2002-07-22,
GT,Consumer Discretionary,1996-01-02,2019-02-27
GWW,Industrials,1996-01-02,
HAL,Energy,1996-01-02,
HAR,Consumer Discretionary,2006-02-01,2017-03-13
HAS,Consumer Discretionary,1996-01-02,
HBAN,Financials,1997-08-06,
HBI,Consumer Discretionary,2015-03-23,2021-12-20
HCA,Health Care,2015-01-27,
HCBK,Financials,2007-02-15,2015-11-02
HD,Consumer Discretionary,1996-01-02,
HES,Energy,1996-01-02,2025-07-23
HFC,Energy,2018-06-18,2021-06-04
HIG,Financials,1996-01-02,
HII,Industrials,2018-01-03,
HLT,Consumer Discretionary,2017-06-19,
HOG,Consumer Discretionary,2000-01-31,2020-06-22
HOLX,Health Care,2016-03-30,2026-04-09
HON,Industrials,1996-01-02,
HONA,Industrials,2026-06-29,
HOOD,Financials,2025-09-22,
HOT,Consumer Discretionary,2000-11-17,2016-09-23
HP,Energy,2010-03-01,2020-05-22
HPE,Information Technology,2015-11-02,
HPQ,Information Technology,1996-01-02,
HRB,Consumer Discretionary,1996-01-02,2020-09-21
HRL,Consumer Staples,2009-03-04,
HSIC,Health Care,2015-03-18,
HSP,Health Care,2004-05-03,2015-09-03
HST,Real Estate,2007-03-20,
HSY,Consumer Staples,1996-01-02,
HUBB,Industrials,2023-10-18,
HUM,Health Care,1996-01-02,
HWM,Industrials,2020-04-06,
IBKR,Financials,2025-08-28,
IBM,Information Technology,1996-01-02,
ICE,Financials,2007-09-26,
IDXX,Health Care,2017-01-05,
IEX,Industrials,2019-08-09,
IFF,Materials,1996-01-02,
ILMN,Health Care,2015-11-19,2024-06-24
INCY,Health Care,2017-02-28,
INFO,Industrials,2017-06-02,2022-03-02
INTC,Information Technology,1996-01-02,
INTU,Information Technology,2000-12-11,
INVH,Real Estate,2022-09-19,
IP,Materials,1996-01-02,
IPG,Communication Services,1996-01-02,2025-11-28
IPGP,Information Technology,2018-03-07,2022-06-21
IQV,Health Care,2017-08-29,
IR,Industrials,2010-11-17,
IRM,Real Estate,2009-01-06,
ISRG,Health Care,2008-06-02,
IT,Information Technology,2017-04-05,
ITW,Industrials,1996-01-02,
IVZ,Financials,2008-08-21,
J,Industrials,2007-10-26,
JBHT,Industrials,2015-07-01,
JBL,Information Technology,2023-12-18,
JCI,Industrials,1996-01-02,
JEF,Financials,2007-08-27,2019-09-26
JKHY,Financials,2018-11-13,
JNJ,Health Care,1996-01-02,
JNPR,Information Technology,2006-06-02,2025-07-09
JOY,Industrials,2011-02-28,2015-10-08
JPM,Financials,1996-01-02,
JWN,Consumer Discretionary,1996-01-02,2020-06-22
K,Consumer Staples,1996-01-02,2025-12-11
KDP,Consumer Staples,2008-10-07,2018-07-02
KDP,Consumer Staples,2022-06-21,
KEY,Financials,1996-01-02,
KEYS,Information Technology,2018-11-06,
KHC,Consumer Staples,2015-07-06,
KIM,Real Estate,2006-04-03,
KKR,Financials,2024-06-24,
KLAC,Information Technology,1997-09-15,
KMB,Consumer Staples,1996-01-02,
KMI,Energy,2012-05-25,
KMX,Consumer Discretionary,2010-06-28,2025-10-31
KO,Consumer Staples,1996-01-02,
KR,Consumer Staples,1996-01-02,
KRFT,Consumer Staples,2012-10-02,2015-07-06
KSS,Consumer Discretionary,1998-08-14,2020-09-21
KSU,Industrials,2013-05-24,2021-12-14
KVUE,Consumer Staples,2023-08-25,
L,Financials,1996-01-02,
LDOS,Industrials,2019-08-09,
LEG,Consumer Discretionary,1999-10-18,2021-12-20
LEN,Consumer Discretionary,2005-10-04,
LH,Health Care,2004-11-01,
LHX,Industrials,2008-09-22,
LII,Industrials,2024-12-23,
LIN,Materials,2018-11-06,
LITE,Information Technology,2026-03-23,
LKQ,Consumer Discretionary,2016-05-23,2025-12-22
LLL,Industrials,2004-12-01,2019-07-01
LLTC,Information Technology,2000-04-03,2017-03-13
LLY,Health Care,1996-01-02,
LM,Financials,2006-04-24,2016-12-02
LMT,Industrials,1996-01-02,
LNC,Financials,1996-01-02,2023-09-18
LNT,Utilities,2016-07-01,
LO,Consumer Staples,2008-06-11,2015-06-12
LOW,Consumer Discretionary,1996-01-02,
LRCX,Information Technology,2012-06-05,
LULU,Consumer Discretionary,2023-10-18,
LUMN,Communication Services,1999-03-25,2023-03-20
LUV,Industrials,1996-01-02,
LVLT,Communication Services,2014-11-05,2017-10-13
LVS,Consumer Discretionary,2019-10-03,
LW,Consumer Staples,2018-12-03,2026-03-23
LYB,Materials,2012-09-05,
LYV,Communication Services,2019-12-23,
M,Consumer Discretionary,1996-01-02,2020-04-06
MA,Financials,2008-07-18,
MAA,Real Estate,2016-12-02,
MAC,Real Estate,2013-05-09,2019-12-23
MAR,Consumer Discretionary,1998-05-21,
MAS,Industrials,1996-01-02,
MAT,Consumer Discretionary,1996-01-02,2019-06-07
MCD,Consumer Discretionary,1996-01-02,
MCHP,Information Technology,2007-09-07,
MCK,Health Care,1999-01-13,
MCO,Financials,1996-01-02,
MDLZ,Consumer Staples,2007-04-02,
MDT,Health Care,1996-01-02,
MET,Financials,2000-12-11,
META,Communication Services,2013-12-23,
MGM,Consumer Discretionary,2017-07-26,
MHK,Consumer Discretionary,2013-12-23,2025-12-22
MJN,Consumer Staples,2009-12-21,2017-06-15
MKC,Consumer Staples,2003-03-21,
MKTX,Financials,2019-07-01,2025-09-22
MLM,Materials,2014-07-02,
MMC,Financials,1996-01-02,2026-01-14
MMM,Industrials,1996-01-02,
MNK,Health Care,2014-08-19,2017-07-26
MNST,Consumer Staples,2012-06-29,
MO,Consumer Staples,1996-01-02,
MOH,Health Care,2022-03-02,2026-03-23
MON,Materials,2002-08-14,2018-06-07
MOS,Materials,2011-09-26,
MPC,Energy,2011-07-01,
MPWR,Information Technology,2021-02-12,
MRK,Health Care,1996-01-02,
MRNA,Health Care,2021-07-21,
MRO,Energy,1996-01-02,2024-11-26
MRSH,Financials,2026-01-14,
MRVL,Information Technology,2026-06-22,
MS,Financials,1996-01-02,
MSCI,Financials,2018-04-04,
MSFT,Information Technology,1996-01-02,
MSI,Information Technology,1996-01-02,
MTB,Financials,2004-02-27,
MTCH,Communication Services,2021-09-20,2026-03-23
MTD,Health Care,2016-09-06,
MU,Information Technology,1996-01-02,
MUR,Energy,2005-08-15,2017-07-26
MWV,Materials,1996-01-02,2015-07-02
MXIM,Information Technology,2018-12-03,2021-08-30
MYL,Health Care,2004-04-23,2020-11-17
NAVI,Financials,2014-05-01,2018-06-05
NBL,Energy,2007-10-08,2020-10-12
NBR,Energy,2000-10-18,2015-03-23
NCLH,Consumer Discretionary,2017-10-13,
NDAQ,Financials,2008-10-22,
NDSN,Industrials,2022-02-15,
NE,Energy,2011-01-18,2015-07-20
NEE,Utilities,1996-01-02,
NEM,Materials,1996-01-02,
NFLX,Communication Services,2010-12-20,
NFX,Energy,2010-12-20,2019-02-15
NI,Utilities,2000-11-02,
NKE,Consumer Discretionary,1996-01-02,
NKTR,Health Care,2018-03-19,2019-10-03
NLSN,Industrials,2013-07-09,2022-10-12
NOC,Industrials,1996-01-02,
NOV,Energy,2005-03-14,2021-09-20
NOW,Information Technology,2019-11-21,
NRG,Utilities,2010-01-29,
NSC,Industrials,1996-01-02,
NTAP,Information Technology,1999-06-25,
NTRS,Financials,1998-01-30,
NUE,Materials,1996-01-02,
NVDA,Information Technology,2001-11-30,
NVR,Consumer Discretionary,2019-09-26,
NWL,Consumer Discretionary,1996-01-02,2023-09-18
NWS,Communication Services,2015-09-21,
NWSA,Communication Services,2013-07-01,
NXPI,Information Technology,2021-03-22,
O,Real Estate,2015-04-07,
ODFL,Industrials,2019-12-09,
OGN,Health Care,2021-06-04,2023-10-18
OI,Materials,2009-01-02,2016-12-02
OKE,Energy,2010-03-15,
OMC,Communication Services,1997-12-24,
ON,Information Technology,2022-06-21,
ORCL,Information Technology,1996-01-02,
ORLY,Consumer Discretionary,2009-03-27,
OTIS,Industrials,2020-04-03,
OXY,Energy,1996-01-02,
PANW,Information Technology,2023-06-20,
PARA,Communication Services,2019-12-05,2025-08-08
PAYC,Industrials,2020-01-28,2026-03-23
PAYX,Industrials,1998-10-01,
PBCT,Financials,2008-11-13,2022-04-04
PBI,Industrials,1996-01-02,2017-03-01
PCAR,Industrials,1996-01-02,
PCG,Utilities,1996-01-02,2019-01-18
PCG,Utilities,2022-10-03,
PCL,Real Estate,2002-01-17,2016-02-22
PCP,Industrials,2007-06-01,2016-02-01
PDCO,Health Care,2005-10-11,2018-03-19
PEG,Utilities,1996-01-02,
PENN,Consumer Discretionary,2021-03-22,2022-09-19
PEP,Consumer Staples,1996-01-02,
PETM,Consumer Discretionary,2012-10-05,2015-03-12
PFE,Health Care,1996-01-02,
PFG,Financials,2002-07-22,
PG,Consumer Staples,1996-01-02,
PGR,Financials,1997-08-04,
PH,Industrials,1996-01-02,
PHM,Consumer Discretionary,1996-01-02,
PKG,Materials,2017-07-26,
PLD,Real Estate,2003-07-17,
PLL,Industrials,1996-01-02,2015-08-31
PLTR,Information Technology,2024-09-23,
PM,Consumer Staples,2008-03-31,
PNC,Financials,1996-01-02,
PNR,Industrials,2012-10-01,
PNW,Utilities,1999-10-04,
PODD,Health Care,2023-03-15,
POM,Utilities,2007-11-09,2016-03-24
POOL,Consumer Discretionary,2020-10-07,2026-06-22
PPG,Materials,1996-01-02,
PPL,Utilities,1996-01-02,
PRGO,Health Care,2011-12-19,2021-09-20
PRU,Financials,2002-07-22,
PSA,Real Estate,2005-08-19,
PSKY,Communication Services,2025-08-08,
PSX,Energy,2012-05-01,
PTC,Information Technology,2021-04-20,
PVH,Consumer Discretionary,2013-02-14,2022-09-19
PWR,Industrials,2009-07-01,
PX,Materials,1996-01-02,2018-10-31
PXD,Energy,2008-09-24,2024-05-08
PYPL,Financials,2015-07-20,
Q,Information Technology,2025-11-03,
QCOM,Information Technology,1999-07-22,
QEP,Energy,2010-07-01,2015-07-01
QRVO,Information Technology,2015-06-12,2024-12-23
R,Industrials,1996-01-02,2017-06-19
RAI,Consumer Staples,2002-09-04,2017-07-25
RCL,Consumer Discretionary,2014-12-05,
REG,Real Estate,2017-03-02,
REGN,Health Care,2013-05-01,
RF,Financials,1998-08-28,
RHI,Industrials,2000-12-05,2024-06-24
RHT,Information Technology,2009-07-27,2019-07-15
RIG,Energy,2013-10-29,2017-07-26
RJF,Financials,2017-03-20,
RL,Consumer Discretionary,2007-02-02,
RMD,Health Care,2017-07-26,
ROK,Industrials,1996-01-02,
ROL,Industrials,2018-10-01,
ROP,Information Technology,2009-12-23,
ROST,Consumer Discretionary,2009-12-21,
RRC,Energy,2007-12-21,2018-06-18
RSG,Industrials,2008-12-05,
RTN,Industrials,1996-01-02,2020-04-06
RTX,Industrials,2020-04-03,
RVTY,Health Care,1996-01-02,
SATS,Communication Services,2026-03-23,2026-06-24
SBAC,Real Estate,2017-09-01,
SBNY,Financials,2021-12-20,2023-03-15
SBUX,Consumer Discretionary,2000-06-08,
SCG,Utilities,2009-01-02,2019-01-02
SCHW,Financials,1997-06-02,
SE,Energy,2007-01-03,2017-02-27
SEDG,Information Technology,2021-12-20,2023-12-18
SEE,Materials,1998-04-01,2023-12-18
SHW,Materials,1996-01-02,
SIAL,Materials,1996-01-02,2015-11-18
SIG,Consumer Discretionary,2015-07-29,2018-03-19
SIVB,Financials,2018-03-19,2023-03-15
SJM,Consumer Staples,2008-11-06,
SLB,Energy,1996-01-02,
SLG,Real Estate,2015-03-23,2021-03-22
SMCI,Information Technology,2024-03-18,
SNA,Industrials,1996-01-02,
SNDK,Information Technology,2006-04-20,2016-05-12
SNDK,Information Technology,2025-11-28,
SNI,Communication Services,2008-07-01,2018-03-07
SNPS,Information Technology,2017-03-16,
SO,Utilities,1996-01-02,
SOLS,Materials,2025-10-30,2025-12-22
SOLV,Health Care,2024-04-01,
SPG,Real Estate,2002-06-26,
SPGI,Financials,1996-01-02,
SPLS,Consumer Discretionary,1998-10-07,2017-09-13
SRCL,Industrials,2008-11-19,2018-12-03
SRE,Utilities,1998-06-29,
STE,Health Care,2019-12-23,
STI,Financials,1996-01-02,2019-12-09
STJ,Health Care,1996-01-02,2017-01-05
STLD,Materials,2022-12-22,
STT,Financials,1997-08-18,
STX,Information Technology,2012-07-02,
STZ,Consumer Staples,2005-07-05,
SW,Materials,2024-07-08,
SWK,Industrials,1996-01-02,
SWKS,Information Technology,2015-03-12,
SWN,Energy,2008-06-06,2017-04-04
SWY,Consumer Staples,1998-11-13,2015-01-27
SYF,Financials,2015-11-18,
SYK,Health Care,2000-12-12,
SYY,Consumer Staples,1996-01-02,
T,Communication Services,1996-01-02,
TAP,Consumer Staples,1996-01-02,
TDC,Information Technology,2007-10-01,2017-06-19
TDG,Industrials,2016-06-03,
TDY,Information Technology,2020-06-22,
TE,Utilities,2001-10-10,2016-07-01
TECH,Health Care,2021-08-30,
TEG,Utilities,2007-02-22,2015-06-30
TEL,Information Technology,2011-10-17,
TER,Information Technology,2020-09-21,
TFC,Financials,2019-12-09,
TFX,Health Care,2019-01-18,2025-03-24
TGNA,Communication Services,1996-01-02,2017-06-02
TGT,Consumer Staples,1996-01-02,
THC,Health Care,1996-01-02,2016-04-18
TIF,Consumer Discretionary,2000-06-21,2021-01-07
TJX,Consumer Discretionary,1996-01-02,
TKO,Communication Services,2025-03-24,
TMO,Health Care,1997-01-02,
TMUS,Communication Services,2019-07-15,
TPL,Energy,2024-11-26,
TPR,Consumer Discretionary,2004-09-01,
TRGP,Energy,2022-10-12,
TRIP,Communication Services,2011-12-21,2019-12-23
TRMB,Information Technology,2021-01-21,
TROW,Financials,1999-10-13,
TRV,Financials,1996-01-02,
TSCO,Consumer Discretionary,2014-01-24,
TSLA,Consumer Discretionary,2020-12-21,
TSN,Consumer Staples,2005-08-11,
TSS,Information Technology,2008-01-02,2019-09-23
TT,Industrials,2020-03-03,
TTD,Communication Services,2025-07-18,
TTWO,Communication Services,2018-03-19,
TWC,Communication Services,2009-03-30,2016-05-18
TWTR,Communication Services,2018-06-07,2022-11-01
TWX,Communication Services,1996-01-02,2018-06-15
TXN,Information Technology,1996-01-02,
TXT,Industrials,1996-01-02,
TYL,Information Technology,2020-06-22,
UAA,Consumer Discretionary,2014-05-01,2022-06-21
UAL,Industrials,2015-09-03,
UBER,Industrials,2023-12-18,
UDR,Real Estate,2016-03-07,
UHS,Health Care,2014-09-22,
ULTA,Consumer Discretionary,2016-04-18,
UNH,Health Care,1996-01-02,
UNM,Financials,1996-01-02,2021-09-20
UNP,Industrials,1996-01-02,
UPS,Industrials,2002-07-22,
URBN,Consumer Discretionary,2010-02-08,2017-03-20
URI,Industrials,2014-09-22,
USB,Financials,1996-01-02,
UTX,Industrials,1996-01-02,2020-04-03
V,Financials,2009-12-21,
VAR,Health Care,2007-02-12,2021-04-20
VEEV,Health Care,2026-05-07,
VFC,Consumer Discretionary,1996-01-02,2024-04-01
VIAB,Communication Services,2006-01-03,2019-12-05
VICI,Real Estate,2022-06-08,
VLO,Energy,2004-04-29,
VLTO,Industrials,2023-10-02,
VMC,Materials,1999-07-01,
VNO,Real Estate,2005-08-12,2023-01-04
VNT,Industrials,2020-10-12,2021-03-22
VRSK,Industrials,2015-10-08,
VRSN,Information Technology,2006-02-01,
VRT,Industrials,2026-03-23,
VRTX,Health Care,2013-09-23,
VST,Utilities,2024-05-08,
VTR,Real Estate,2009-03-04,
VTRS,Health Care,2020-11-17,
VZ,Communication Services,1996-01-02,
WAB,Industrials,2019-02-27,
WAT,Health Care,2002-01-02,
WBA,Consumer Staples,1996-01-02,2025-08-28
WBD,Communication Services,2022-04-11,
WCG,Health Care,2018-09-17,2020-01-28
WDAY,Information Technology,2024-12-23,
WDC,Information Technology,2009-07-01,
WEC,Utilities,2008-10-31,
WELL,Real Estate,2009-01-30,
WFC,Financials,1996-01-02,
WFM,Consumer Staples,2006-01-03,2017-08-28
WHR,Consumer Discretionary,1996-01-02,2024-03-18
WIN,Communication Services,2006-07-18,2015-04-07
WM,Industrials,1998-07-17,
WMB,Energy,1996-01-02,
WMT,Consumer Staples,1996-01-02,
WRB,Financials,2019-12-05,
WRK,Materials,2015-07-02,2024-07-08
WSM,Consumer Discretionary,2025-03-24,
WST,Health Care,2020-05-22,
WTW,Financials,2016-01-05,
WU,Financials,2006-10-02,2021-12-20
WY,Real Estate,1996-01-02,
WYND,Consumer Discretionary,2006-08-01,2018-05-31
WYNN,Consumer Discretionary,2008-11-14,
XEC,Energy,2014-06-20,2020-03-03
XEL,Utilities,1996-01-02,
XL,Financials,2001-09-04,2018-09-12
XLNX,Information Technology,1999-11-08,2022-02-15
XOM,Energy,1996-01-02,
XRAY,Health Care,2008-11-14,2024-04-02
XRX,Information Technology,1996-01-02,2021-03-22
XYL,Industrials,2011-11-01,
XYZ,Financials,2025-07-23,
YUM,Consumer Discretionary,1997-10-07,
ZBH,Health Care,2001-08-07,
ZBRA,Information Technology,2019-12-23,
ZION,Financials,2001-06-25,2024-03-18
ZTS,Health Care,2013-06-24,
AA,Mid Cap Extended,2018-09-01,2026-02-01
AACQ,Small Cap Extended,2021-04-01,2021-05-01
AAN,Small Cap Extended,2018-09-01,2021-03-01
AAOI,Mid Cap Extended,2018-09-01,2019-06-01
AAOI,Mid Cap Extended,2023-09-01,2024-09-01
AAOI,Mid Cap Extended,2024-10-01,2026-02-01
AAWW,Small Cap Extended,2018-09-01,2019-08-01
AAWW,Small Cap Extended,2019-09-01,2020-01-01
AAWW,Small Cap Extended,2020-04-01,2023-05-01
AAXN,Mid Cap Extended,2018-09-01,2021-03-01
AB,Small Cap Extended,2025-04-01,2025-06-01
ABAT,Small Cap Extended,2025-11-01,2025-12-01
ABB,Mid Cap Extended,2018-09-01,2023-07-01
ABCL,Small Cap Extended,2021-03-01,2022-04-01
ABCL,Small Cap Extended,2022-07-01,2023-04-01
ABCL,Small Cap Extended,2023-07-01,2023-10-01
ABR,Small Cap Extended,2022-06-01,2023-02-01
ABR,Small Cap Extended,2023-04-01,2025-10-01
ABTC,Small Cap Extended,2025-10-01,2026-01-01
ACAD,Small Cap Extended,2018-09-01,2026-02-01
ACB,Mid Cap Extended,2019-01-01,2022-08-01
ACB,Mid Cap Extended,2023-10-01,2023-11-01
ACB,Mid Cap Extended,2024-05-01,2024-07-01
ACC,Small Cap Extended,2018-09-01,2022-09-01
ACCD,Small Cap Extended,2020-09-01,2020-11-01
ACCD,Small Cap Extended,2021-02-01,2022-01-01
ACCD,Small Cap Extended,2022-02-01,2022-03-01
ACHC,Small Cap Extended,2018-09-01,2021-08-01
ACHC,Small Cap Extended,2021-09-01,2026-02-01
ACHN,Small Cap Extended,2019-11-01,2020-03-01
ACHR,Mid Cap Extended,2023-08-01,2023-11-01
ACHR,Mid Cap Extended,2023-12-01,2024-02-01
ACHR,Mid Cap Extended,2024-12-01,2026-02-01
ACI,Mid Cap Extended,2020-09-01,2021-05-01
ACI,Mid Cap Extended,2021-10-01,2026-02-01
ACIA,Small Cap Extended,2018-09-01,2021-04-01
ACIW,Small Cap Extended,2018-09-01,2021-04-01
ACIW,Small Cap Extended,2021-06-01,2021-07-01
ACIW,Small Cap Extended,2021-12-01,2022-04-01
ACIW,Small Cap Extended,2022-05-01,2023-08-01
ACIW,Small Cap Extended,2023-12-01,2024-04-01
ACIW,Small Cap Extended,2024-05-01,2024-06-01
ACIW,Small Cap Extended,2024-07-01,2026-02-01
ACLS,Small Cap Extended,2022-01-01,2026-02-01
ACLX,Small Cap Extended,2023-02-01,2023-04-01
ACLX,Small Cap Extended,2023-05-01,2023-10-01
ACLX,Small Cap Extended,2023-11-01,2026-02-01
ACM,Mid Cap Extended,2018-09-01,2026-02-01
ACMR,Small Cap Extended,2020-02-01,2021-06-01
ACMR,Small Cap Extended,2021-08-01,2022-02-01
ACMR,Small Cap Extended,2022-04-01,2022-06-01
ACMR,Small Cap Extended,2023-11-01,2026-02-01
ACOR,Small Cap Extended,2018-09-01,2019-06-01
ACRS,Small Cap Extended,2021-02-01,2021-05-01
ACRX,Small Cap Extended,2018-12-01,2019-02-01
ACST,Small Cap Extended,2021-03-01,2021-05-01
ACTC,Mid Cap Extended,2021-02-01,2021-05-01
ACVA,Small Cap Extended,2021-06-01,2021-07-01
ACVA,Small Cap Extended,2021-12-01,2022-04-01
ACVA,Small Cap Extended,2023-06-01,2023-12-01
ACVA,Small Cap Extended,2024-04-01,2026-01-01
ADAP,Small Cap Extended,2020-06-01,2020-09-01
ADC,Small Cap Extended,2018-12-01,2026-02-01
ADGI,Mid Cap Extended,2021-11-01,2022-04-01
ADMA,Small Cap Extended,2024-06-01,2026-02-01
ADMS,Small Cap Extended,2018-09-01,2018-11-01
ADN,Small Cap Extended,2022-07-01,2022-10-01
ADNT,Small Cap Extended,2018-09-01,2025-03-01
ADNT,Small Cap Extended,2025-04-01,2025-05-01
ADNT,Small Cap Extended,2025-06-01,2025-07-01
ADNT,Small Cap Extended,2025-09-01,2025-10-01
ADPT,Small Cap Extended,2019-09-01,2021-09-01
ADPT,Small Cap Extended,2025-12-01,2026-02-01
ADSW,Small Cap Extended,2018-09-01,2018-11-01
ADSW,Small Cap Extended,2018-12-01,2019-04-01
ADSW,Small Cap Extended,2019-05-01,2020-12-01
ADTN,Small Cap Extended,2022-09-01,2022-11-01
ADTX,Small Cap Extended,2025-04-01,2025-07-01
ADVM,Small Cap Extended,2019-08-01,2020-01-01
ADVM,Small Cap Extended,2020-02-01,2020-12-01
AEG,Small Cap Extended,2025-02-01,2026-02-01
AEHR,Small Cap Extended,2021-08-01,2022-03-01
AEHR,Small Cap Extended,2022-10-01,2024-05-01
AEHR,Small Cap Extended,2024-08-01,2024-11-01
AEHR,Small Cap Extended,2025-09-01,2026-01-01
AEL,Small Cap Extended,2018-09-01,2021-04-01
AEL,Small Cap Extended,2022-04-01,2024-06-01
AEM,Mid Cap Extended,2018-09-01,2026-02-01
AEMD,Small Cap Extended,2021-07-01,2021-10-01
AEO,Mid Cap Extended,2018-09-01,2026-02-01
AER,Mid Cap Extended,2018-09-01,2026-02-01
AERC,Mid Cap Extended,2022-07-01,2022-09-01
AERI,Small Cap Extended,2018-09-01,2020-08-01
AERI,Small Cap Extended,2022-10-01,2023-01-01
AESI,Small Cap Extended,2024-07-01,2024-10-01
AESI,Small Cap Extended,2024-12-01,2025-08-01
AEVA,Small Cap Extended,2025-07-01,2026-02-01
AFMD,Small Cap Extended,2021-05-01,2021-08-01
AFRM,Mid Cap Extended,2021-04-01,2026-02-01
AFSI,Small Cap Extended,2018-09-01,2018-10-01
AG,Mid Cap Extended,2018-09-01,2018-12-01
AG,Mid Cap Extended,2019-01-01,2024-02-01
AG,Mid Cap Extended,2024-04-01,2026-02-01
AGCO,Mid Cap Extended,2018-09-01,2026-02-01
AGEN,Small Cap Extended,2021-11-01,2021-12-01
AGFY,Small Cap Extended,2021-10-01,2021-12-01
AGI,Small Cap Extended,2019-08-01,2020-04-01
AGI,Small Cap Extended,2020-05-01,2021-03-01
AGI,Small Cap Extended,2022-03-01,2026-02-01
AGIO,Small Cap Extended,2018-09-01,2021-11-01
AGIO,Small Cap Extended,2022-02-01,2022-04-01
AGIO,Small Cap Extended,2022-10-01,2023-01-01
AGIO,Small Cap Extended,2023-03-01,2023-04-01
AGIO,Small Cap Extended,2024-03-01,2025-05-01
AGIO,Small Cap Extended,2025-09-01,2025-11-01
AGIO,Small Cap Extended,2025-12-01,2026-02-01
AGL,Small Cap Extended,2021-07-01,2021-10-01
AGL,Small Cap Extended,2021-11-01,2024-11-01
AGL,Small Cap Extended,2025-05-01,2025-07-01
AGNC,Mid Cap Extended,2018-09-01,2020-04-01
AGNC,Mid Cap Extended,2020-05-01,2022-10-01
AGNC,Mid Cap Extended,2022-12-01,2026-02-01
AGR,Small Cap Extended,2018-09-01,2021-04-01
AGR,Small Cap Extended,2021-07-01,2021-09-01
AGR,Small Cap Extended,2021-11-01,2025-02-01
AGRI,Small Cap Extended,2022-04-01,2022-07-01
AGRX,Small Cap Extended,2020-04-01,2020-05-01
AHCO,Small Cap Extended,2021-02-01,2021-10-01
AHCO,Small Cap Extended,2022-08-01,2023-07-01
AHCO,Small Cap Extended,2023-09-01,2023-12-01
AHL,Mid Cap Extended,2018-09-01,2019-04-01
AHL,Mid Cap Extended,2025-06-01,2025-09-01
AHR,Small Cap Extended,2024-09-01,2026-02-01
AHT,Small Cap Extended,2021-01-01,2021-03-01
AHT,Small Cap Extended,2021-05-01,2022-02-01
AI,Mid Cap Extended,2021-03-01,2026-02-01
AIMC,Small Cap Extended,2018-10-01,2020-02-01
AIMC,Small Cap Extended,2020-04-01,2020-05-01
AIMC,Small Cap Extended,2020-06-01,2020-08-01
AIMC,Small Cap Extended,2020-11-01,2021-03-01
AIMC,Small Cap Extended,2022-11-01,2023-05-01
AIMT,Small Cap Extended,2018-09-01,2018-10-01
AIMT,Small Cap Extended,2018-11-01,2019-07-01
AIMT,Small Cap Extended,2019-09-01,2020-11-01
AIRC,Small Cap Extended,2021-03-01,2024-08-01
AIRO,Small Cap Extended,2025-09-01,2025-10-01
AISP,Small Cap Extended,2024-04-01,2024-06-01
AJRD,Small Cap Extended,2018-09-01,2021-12-01
AJRD,Small Cap Extended,2022-02-01,2023-09-01
AKBA,Small Cap Extended,2020-04-01,2020-05-01
AKBA,Small Cap Extended,2020-06-01,2020-10-01
AKR,Small Cap Extended,2019-03-01,2019-04-01
AKR,Small Cap Extended,2019-05-01,2019-07-01
AKR,Small Cap Extended,2019-11-01,2020-03-01
AKR,Small Cap Extended,2020-04-01,2020-06-01
AKR,Small Cap Extended,2024-11-01,2025-06-01
AKR,Small Cap Extended,2025-07-01,2025-11-01
AKRO,Small Cap Extended,2022-10-01,2024-07-01
AKRO,Small Cap Extended,2025-02-01,2026-01-01
AKRX,Mid Cap Extended,2018-09-01,2019-01-01
AL,Small Cap Extended,2018-09-01,2022-01-01
AL,Small Cap Extended,2022-02-01,2022-12-01
AL,Small Cap Extended,2023-03-01,2026-02-01
ALAB,Mid Cap Extended,2024-06-01,2026-02-01
ALC,Mid Cap Extended,2019-07-01,2026-02-01
ALDR,Small Cap Extended,2018-09-01,2018-12-01
ALDR,Small Cap Extended,2019-02-01,2019-08-01
ALDR,Small Cap Extended,2019-10-01,2019-12-01
ALDX,Small Cap Extended,2021-05-01,2021-08-01
ALEC,Small Cap Extended,2020-03-01,2020-11-01
ALEC,Small Cap Extended,2021-08-01,2021-11-01
ALGM,Small Cap Extended,2021-01-01,2021-06-01
ALGM,Small Cap Extended,2021-12-01,2022-04-01
ALGM,Small Cap Extended,2022-12-01,2026-02-01
ALHC,Small Cap Extended,2025-02-01,2026-02-01
ALIT,Small Cap Extended,2021-09-01,2022-01-01
ALIT,Small Cap Extended,2022-02-01,2022-10-01
ALIT,Small Cap Extended,2022-12-01,2025-12-01
ALKS,Small Cap Extended,2018-09-01,2026-02-01
ALKT,Small Cap Extended,2024-12-01,2025-12-01
ALLK,Small Cap Extended,2018-10-01,2018-11-01
ALLK,Small Cap Extended,2019-02-01,2021-06-01
ALLK,Small Cap Extended,2021-09-01,2021-10-01
ALLK,Small Cap Extended,2022-01-01,2022-04-01
ALLO,Small Cap Extended,2019-01-01,2021-10-01
ALLO,Small Cap Extended,2021-11-01,2022-03-01
ALLO,Small Cap Extended,2022-07-01,2023-03-01
ALLY,Mid Cap Extended,2018-09-01,2026-02-01
ALNY,Mid Cap Extended,2018-09-01,2026-02-01
ALSN,Small Cap Extended,2018-09-01,2026-02-01
ALT,Small Cap Extended,2020-06-01,2021-02-01
ALT,Small Cap Extended,2021-03-01,2021-04-01
ALT,Small Cap Extended,2021-09-01,2021-10-01
ALT,Small Cap Extended,2022-09-01,2023-04-01
ALT,Small Cap Extended,2024-01-01,2024-10-01
ALT,Small Cap Extended,2024-12-01,2025-03-01
ALTM,Mid Cap Extended,2024-03-01,2024-04-01
ALTM,Mid Cap Extended,2024-11-01,2025-04-01
ALTO,Small Cap Extended,2021-03-01,2021-04-01
ALV,Mid Cap Extended,2018-09-01,2026-02-01
AM,Small Cap Extended,2019-04-01,2019-08-01
AM,Small Cap Extended,2021-01-01,2022-02-01
AM,Small Cap Extended,2022-03-01,2026-02-01
AMAG,Small Cap Extended,2018-09-01,2019-03-01
AMAG,Small Cap Extended,2019-09-01,2019-12-01
AMAG,Small Cap Extended,2020-11-01,2021-01-01
AMBA,Small Cap Extended,2018-09-01,2026-02-01
AMC,Mid Cap Extended,2020-07-01,2020-08-01
AMC,Mid Cap Extended,2020-11-01,2024-02-01
AMC,Mid Cap Extended,2024-08-01,2024-09-01
AMCX,Small Cap Extended,2018-09-01,2021-10-01
AMH,Mid Cap Extended,2018-09-01,2026-02-01
AMJ,Small Cap Extended,2018-09-01,2020-08-01
AMKR,Small Cap Extended,2019-12-01,2020-06-01
AMKR,Small Cap Extended,2020-07-01,2020-11-01
AMKR,Small Cap Extended,2021-03-01,2022-01-01
AMKR,Small Cap Extended,2022-03-01,2022-05-01
AMKR,Small Cap Extended,2022-12-01,2026-02-01
AMLX,Small Cap Extended,2022-10-01,2024-04-01
AMN,Small Cap Extended,2018-09-01,2021-03-01
AMN,Small Cap Extended,2021-06-01,2025-06-01
AMPL,Mid Cap Extended,2021-12-01,2022-06-01
AMPX,Small Cap Extended,2022-12-01,2023-01-01
AMPX,Small Cap Extended,2025-08-01,2026-02-01
AMR,Small Cap Extended,2019-07-01,2019-10-01
AMR,Small Cap Extended,2022-04-01,2026-02-01
AMRN,Mid Cap Extended,2018-10-01,2021-07-01
AMRS,Small Cap Extended,2021-02-01,2022-02-01
AMRX,Small Cap Extended,2018-09-01,2019-05-01
AMRX,Small Cap Extended,2019-06-01,2019-07-01
AMRZ,Mid Cap Extended,2025-09-01,2026-02-01
AMSC,Small Cap Extended,2023-09-01,2023-12-01
AMSC,Small Cap Extended,2024-08-01,2025-06-01
AMSC,Small Cap Extended,2025-07-01,2026-02-01
AMTD,Mid Cap Extended,2018-09-01,2020-11-01
AMTD,Mid Cap Extended,2022-09-01,2022-12-01
AMTX,Small Cap Extended,2021-04-01,2021-07-01
AMWL,Mid Cap Extended,2020-12-01,2021-11-01
AMX,Small Cap Extended,2018-09-01,2026-02-01
ANDX,Small Cap Extended,2018-09-01,2019-09-01
ANF,Mid Cap Extended,2018-09-01,2026-02-01
ANGI,Small Cap Extended,2018-10-01,2021-06-01
ANY,Mid Cap Extended,2021-09-01,2022-03-01
AOBC,Small Cap Extended,2018-09-01,2019-03-01
APAM,Small Cap Extended,2023-07-01,2024-04-01
APAM,Small Cap Extended,2025-06-01,2025-07-01
APG,Small Cap Extended,2020-07-01,2020-10-01
APG,Small Cap Extended,2021-10-01,2022-01-01
APG,Small Cap Extended,2022-08-01,2022-09-01
APG,Small Cap Extended,2023-04-01,2026-02-01
APGE,Small Cap Extended,2024-04-01,2024-09-01
APGE,Small Cap Extended,2024-10-01,2025-11-01
APGE,Small Cap Extended,2025-12-01,2026-02-01
APHA,Mid Cap Extended,2019-02-01,2019-11-01
APHA,Mid Cap Extended,2020-01-01,2020-02-01
APHA,Mid Cap Extended,2020-12-01,2021-06-01
API,Small Cap Extended,2020-09-01,2022-01-01
APLD,Mid Cap Extended,2023-06-01,2023-11-01
APLD,Mid Cap Extended,2024-01-01,2024-03-01
APLD,Mid Cap Extended,2024-07-01,2024-08-01
APLD,Mid Cap Extended,2024-10-01,2025-05-01
APLD,Mid Cap Extended,2025-06-01,2026-02-01
APLE,Small Cap Extended,2018-09-01,2021-02-01
APLE,Small Cap Extended,2021-07-01,2021-10-01
APLE,Small Cap Extended,2022-01-01,2026-02-01
APLS,Mid Cap Extended,2019-06-01,2019-07-01
APLS,Mid Cap Extended,2019-10-01,2026-02-01
APLT,Small Cap Extended,2024-11-01,2024-12-01
APPH,Small Cap Extended,2021-04-01,2021-07-01
APPN,Small Cap Extended,2018-09-01,2022-09-01
APPN,Small Cap Extended,2022-12-01,2023-04-01
APPN,Small Cap Extended,2024-05-01,2024-07-01
APPN,Small Cap Extended,2024-08-01,2024-11-01
APPN,Small Cap Extended,2025-10-01,2025-11-01
APPS,Mid Cap Extended,2019-09-01,2020-04-01
APPS,Mid Cap Extended,2020-05-01,2020-06-01
APPS,Mid Cap Extended,2020-07-01,2023-10-01
APPS,Mid Cap Extended,2025-07-01,2025-09-01
APRN,Small Cap Extended,2020-04-01,2020-08-01
APRN,Small Cap Extended,2022-09-01,2023-01-01
APTI,Small Cap Extended,2018-09-01,2019-02-01
APTS,Small Cap Extended,2022-03-01,2022-08-01
APU,Small Cap Extended,2019-01-01,2019-10-01
APXT,Small Cap Extended,2020-12-01,2021-04-01
APY,Small Cap Extended,2018-09-01,2020-07-01
AQB,Small Cap Extended,2021-01-01,2021-04-01
AQMS,Small Cap Extended,2025-11-01,2026-01-01
AQN,Small Cap Extended,2021-08-01,2021-10-01
AQN,Small Cap Extended,2021-12-01,2022-05-01
AQN,Small Cap Extended,2022-06-01,2023-11-01
AQN,Small Cap Extended,2023-12-01,2024-09-01
AQN,Small Cap Extended,2024-10-01,2024-11-01
AQN,Small Cap Extended,2025-05-01,2025-11-01
AQUA,Small Cap Extended,2018-09-01,2019-04-01
AQUA,Small Cap Extended,2020-01-01,2020-07-01
AQUA,Small Cap Extended,2020-10-01,2023-07-01
AR,Mid Cap Extended,2018-09-01,2019-08-01
AR,Mid Cap Extended,2021-01-01,2026-02-01
ARCC,Small Cap Extended,2018-09-01,2021-01-01
ARCC,Small Cap Extended,2021-08-01,2026-02-01
ARCH,Small Cap Extended,2018-09-01,2020-07-01
ARCH,Small Cap Extended,2021-11-01,2025-02-01
ARCT,Small Cap Extended,2020-06-01,2021-06-01
ARCT,Small Cap Extended,2021-09-01,2021-12-01
ARCT,Small Cap Extended,2022-01-01,2022-03-01
ARDX,Small Cap Extended,2024-01-01,2024-11-01
ARDX,Small Cap Extended,2024-12-01,2025-04-01
AREB,Small Cap Extended,2025-05-01,2025-08-01
ARHS,Small Cap Extended,2024-06-01,2024-10-01
ARLO,Small Cap Extended,2018-10-01,2018-12-01
ARM,Mid Cap Extended,2023-12-01,2026-02-01
ARNA,Small Cap Extended,2018-09-01,2022-04-01
AROC,Small Cap Extended,2024-01-01,2026-02-01
ARQL,Small Cap Extended,2019-07-01,2020-03-01
ARQQ,Small Cap Extended,2021-11-01,2022-01-01
ARQQ,Small Cap Extended,2025-02-01,2025-04-01
ARQQ,Small Cap Extended,2025-07-01,2025-10-01
ARQT,Small Cap Extended,2024-03-01,2024-12-01
ARQT,Small Cap Extended,2025-01-01,2025-09-01
ARQT,Small Cap Extended,2025-11-01,2026-02-01
ARR,Small Cap Extended,2023-03-01,2023-06-01
ARR,Small Cap Extended,2023-08-01,2024-03-01
ARR,Small Cap Extended,2024-11-01,2026-02-01
ARRS,Mid Cap Extended,2018-09-01,2019-05-01
ARRY,Mid Cap Extended,2021-01-01,2025-04-01
ARRY,Mid Cap Extended,2025-06-01,2026-02-01
ARVL,Small Cap Extended,2021-05-01,2021-11-01
ARVL,Small Cap Extended,2021-12-01,2022-06-01
ARVN,Small Cap Extended,2020-01-01,2020-09-01
ARVN,Small Cap Extended,2021-01-01,2023-04-01
ARVN,Small Cap Extended,2024-01-01,2024-10-01
ARVN,Small Cap Extended,2025-04-01,2025-07-01
ARW,Mid Cap Extended,2018-09-01,2026-02-01
ARWR,Small Cap Extended,2018-09-01,2026-02-01
ARX,Small Cap Extended,2025-10-01,2025-11-01
AS,Mid Cap Extended,2024-04-01,2024-09-01
AS,Mid Cap Extended,2024-10-01,2026-02-01
ASAN,Mid Cap Extended,2020-12-01,2026-02-01
ASB,Small Cap Extended,2018-09-01,2020-09-01
ASB,Small Cap Extended,2020-11-01,2021-01-01
ASB,Small Cap Extended,2021-06-01,2022-01-01
ASB,Small Cap Extended,2022-02-01,2026-02-01
ASH,Small Cap Extended,2018-09-01,2025-11-01
ASH,Small Cap Extended,2025-12-01,2026-02-01
ASML,Mid Cap Extended,2018-09-01,2026-02-01
ASND,Small Cap Extended,2019-03-01,2026-02-01
ASO,Mid Cap Extended,2021-01-01,2026-02-01
ASPI,Small Cap Extended,2024-12-01,2025-01-01
ASPI,Small Cap Extended,2025-02-01,2025-03-01
ASPI,Small Cap Extended,2025-07-01,2026-02-01
ASPN,Small Cap Extended,2024-06-01,2025-03-01
ASST,Mid Cap Extended,2025-06-01,2026-02-01
ASTL,Small Cap Extended,2022-09-01,2022-11-01
ASTR,Small Cap Extended,2021-09-01,2022-06-01
ASTS,Mid Cap Extended,2021-07-01,2021-10-01
ASTS,Mid Cap Extended,2024-06-01,2026-02-01
ASX,Small Cap Extended,2021-09-01,2022-07-01
ASX,Small Cap Extended,2022-08-01,2022-10-01
ASX,Small Cap Extended,2022-12-01,2026-02-01
ASZ,Small Cap Extended,2022-09-01,2022-10-01
ASZ,Small Cap Extended,2022-11-01,2022-12-01
ATAI,Small Cap Extended,2025-11-01,2025-12-01
ATAT,Small Cap Extended,2024-10-01,2026-02-01
ATCO,Small Cap Extended,2022-10-01,2023-05-01
ATEC,Small Cap Extended,2023-06-01,2024-08-01
ATEC,Small Cap Extended,2025-05-01,2025-07-01
ATEC,Small Cap Extended,2025-09-01,2026-02-01
ATER,Mid Cap Extended,2021-06-01,2021-07-01
ATER,Mid Cap Extended,2021-10-01,2022-02-01
ATER,Mid Cap Extended,2022-05-01,2022-08-01
ATH,Mid Cap Extended,2018-09-01,2022-02-01
ATHM,Mid Cap Extended,2018-09-01,2022-03-01
ATHM,Mid Cap Extended,2022-09-01,2022-10-01
ATHM,Mid Cap Extended,2023-02-01,2023-04-01
ATHX,Small Cap Extended,2020-07-01,2020-08-01
ATKR,Small Cap Extended,2018-09-01,2018-10-01
ATKR,Small Cap Extended,2019-12-01,2020-06-01
ATKR,Small Cap Extended,2021-03-01,2026-02-01
ATMU,Small Cap Extended,2024-03-01,2026-02-01
ATNX,Small Cap Extended,2019-08-01,2020-03-01
ATNX,Small Cap Extended,2021-06-01,2021-07-01
ATOS,Small Cap Extended,2019-04-01,2019-07-01
ATOS,Small Cap Extended,2021-02-01,2021-11-01
ATRA,Small Cap Extended,2018-09-01,2019-12-01
ATRA,Small Cap Extended,2020-06-01,2020-09-01
ATRC,Small Cap Extended,2020-04-01,2020-09-01
ATRC,Small Cap Extended,2021-05-01,2021-08-01
ATRC,Small Cap Extended,2023-10-01,2023-11-01
ATRC,Small Cap Extended,2023-12-01,2024-10-01
ATSG,Small Cap Extended,2019-04-01,2019-05-01
ATSG,Small Cap Extended,2023-09-01,2023-10-01
ATSG,Small Cap Extended,2023-11-01,2023-12-01
ATSG,Small Cap Extended,2025-01-01,2025-04-01
ATTU,Small Cap Extended,2019-03-01,2019-06-01
ATUS,Mid Cap Extended,2018-09-01,2022-12-01
AU,Mid Cap Extended,2018-09-01,2026-02-01
AUPH,Small Cap Extended,2020-01-01,2020-11-01
AUPH,Small Cap Extended,2021-01-01,2022-11-01
AUPH,Small Cap Extended,2023-02-01,2024-01-01
AUPH,Small Cap Extended,2024-02-01,2024-04-01
AUR,Mid Cap Extended,2021-12-01,2022-02-01
AUR,Mid Cap Extended,2022-03-01,2022-04-01
AUR,Mid Cap Extended,2024-10-01,2025-12-01
AUY,Mid Cap Extended,2020-06-01,2020-12-01
AUY,Mid Cap Extended,2021-01-01,2021-02-01
AUY,Mid Cap Extended,2021-06-01,2021-07-01
AUY,Mid Cap Extended,2022-04-01,2022-07-01
AUY,Mid Cap Extended,2022-12-01,2023-05-01
AVA,Small Cap Extended,2018-09-01,2020-08-01
AVA,Small Cap Extended,2020-11-01,2020-12-01
AVA,Small Cap Extended,2022-12-01,2024-04-01
AVA,Small Cap Extended,2025-04-01,2025-09-01
AVCT,Small Cap Extended,2022-01-01,2022-04-01
AVDL,Small Cap Extended,2024-04-01,2024-10-01
AVDL,Small Cap Extended,2025-11-01,2026-02-01
AVDX,Small Cap Extended,2022-01-01,2022-02-01
AVDX,Small Cap Extended,2023-05-01,2024-11-01
AVDX,Small Cap Extended,2025-06-01,2025-09-01
AVEO,Small Cap Extended,2021-05-01,2021-07-01
AVEO,Small Cap Extended,2023-01-01,2023-02-01
AVGR,Small Cap Extended,2021-03-01,2021-05-01
AVGR,Small Cap Extended,2023-10-01,2023-11-01
AVID,Small Cap Extended,2022-10-01,2022-12-01
AVID,Small Cap Extended,2023-09-01,2023-12-01
AVIR,Small Cap Extended,2021-01-01,2021-02-01
AVIR,Small Cap Extended,2021-07-01,2022-02-01
AVLR,Mid Cap Extended,2018-09-01,2019-01-01
AVLR,Mid Cap Extended,2019-03-01,2022-12-01
AVNT,Small Cap Extended,2020-08-01,2020-09-01
AVNT,Small Cap Extended,2020-11-01,2021-02-01
AVNT,Small Cap Extended,2022-03-01,2022-04-01
AVNT,Small Cap Extended,2022-05-01,2022-06-01
AVNT,Small Cap Extended,2022-07-01,2022-08-01
AVNT,Small Cap Extended,2022-09-01,2023-06-01
AVNT,Small Cap Extended,2023-08-01,2023-11-01
AVNT,Small Cap Extended,2024-02-01,2024-03-01
AVNT,Small Cap Extended,2024-07-01,2024-08-01
AVNT,Small Cap Extended,2024-09-01,2025-07-01
AVPT,Small Cap Extended,2025-02-01,2025-05-01
AVPT,Small Cap Extended,2025-08-01,2025-09-01
AVT,Small Cap Extended,2018-09-01,2021-11-01
AVT,Small Cap Extended,2022-02-01,2026-02-01
AVTR,Mid Cap Extended,2019-08-01,2026-02-01
AVXL,Small Cap Extended,2021-03-01,2021-06-01
AVXL,Small Cap Extended,2021-07-01,2021-11-01
AVXL,Small Cap Extended,2023-01-01,2023-04-01
AVYA,Small Cap Extended,2018-09-01,2021-11-01
AVYA,Small Cap Extended,2022-02-01,2022-04-01
AXGN,Small Cap Extended,2018-09-01,2019-05-01
AXL,Small Cap Extended,2018-09-01,2020-04-01
AXL,Small Cap Extended,2020-06-01,2020-09-01
AXNX,Small Cap Extended,2019-12-01,2025-01-01
AXS,Small Cap Extended,2018-09-01,2021-02-01
AXS,Small Cap Extended,2022-03-01,2026-02-01
AXSM,Mid Cap Extended,2019-02-01,2021-03-01
AXSM,Mid Cap Extended,2021-09-01,2022-02-01
AXSM,Mid Cap Extended,2022-05-01,2026-02-01
AXTA,Mid Cap Extended,2018-09-01,2026-02-01
AY,Small Cap Extended,2021-01-01,2021-08-01
AY,Small Cap Extended,2023-05-01,2023-07-01
AY,Small Cap Extended,2024-05-01,2025-01-01
AYRO,Small Cap Extended,2020-08-01,2020-11-01
AYRO,Small Cap Extended,2020-12-01,2021-06-01
AYTU,Small Cap Extended,2020-04-01,2020-08-01
AYX,Mid Cap Extended,2018-09-01,2024-05-01
AZEK,Mid Cap Extended,2020-09-01,2025-08-01
AZN,Mid Cap Extended,2018-09-01,2026-02-01
AZTA,Small Cap Extended,2022-01-01,2025-09-01
AZUL,Small Cap Extended,2018-09-01,2021-05-01
AZUL,Small Cap Extended,2021-06-01,2021-10-01
AZUL,Small Cap Extended,2021-11-01,2022-10-01
AZUL,Small Cap Extended,2023-01-01,2023-02-01
AZUL,Small Cap Extended,2023-04-01,2023-10-01
BABA,Mid Cap Extended,2018-09-01,2026-02-01
BAH,Mid Cap Extended,2018-09-01,2026-02-01
BAM,Mid Cap Extended,2018-09-01,2026-02-01
BANC,Small Cap Extended,2023-10-01,2026-02-01
BASE,Small Cap Extended,2021-10-01,2021-11-01
BB,Mid Cap Extended,2018-09-01,2020-04-01
BB,Mid Cap Extended,2020-09-01,2020-10-01
BB,Mid Cap Extended,2020-12-01,2022-10-01
BB,Mid Cap Extended,2023-06-01,2023-10-01
BBIG,Mid Cap Extended,2021-07-01,2022-11-01
BBIO,Small Cap Extended,2020-02-01,2022-07-01
BBIO,Small Cap Extended,2022-09-01,2023-01-01
BBIO,Small Cap Extended,2023-04-01,2026-02-01
BBL,Mid Cap Extended,2018-09-01,2022-03-01
BBVA,Small Cap Extended,2024-06-01,2024-07-01
BBVA,Small Cap Extended,2025-04-01,2025-10-01
BC,Mid Cap Extended,2018-09-01,2026-02-01
BCE,Small Cap Extended,2018-09-01,2026-02-01
BCRX,Small Cap Extended,2020-12-01,2024-05-01
BCRX,Small Cap Extended,2024-06-01,2024-10-01
BCRX,Small Cap Extended,2025-04-01,2025-10-01
BCRX,Small Cap Extended,2025-11-01,2026-02-01
BCS,Mid Cap Extended,2018-09-01,2020-04-01
BCS,Mid Cap Extended,2020-12-01,2026-02-01
BDN,Small Cap Extended,2019-02-01,2019-09-01
BDN,Small Cap Extended,2020-01-01,2020-06-01
BDN,Small Cap Extended,2020-07-01,2020-10-01
BDTX,Small Cap Extended,2020-04-01,2020-05-01
BDTX,Small Cap Extended,2023-07-01,2023-08-01
BE,Mid Cap Extended,2018-10-01,2019-01-01
BE,Mid Cap Extended,2019-04-01,2019-09-01
BE,Mid Cap Extended,2019-12-01,2026-02-01
BEAM,Small Cap Extended,2020-10-01,2026-02-01
BECN,Small Cap Extended,2018-09-01,2020-08-01
BECN,Small Cap Extended,2020-09-01,2021-02-01
BECN,Small Cap Extended,2022-03-01,2025-06-01
BEKE,Mid Cap Extended,2020-11-01,2026-02-01
BEL,Small Cap Extended,2018-11-01,2019-06-01
BEP,Small Cap Extended,2020-04-01,2020-12-01
BEPC,Small Cap Extended,2020-10-01,2021-10-01
BEPC,Small Cap Extended,2022-03-01,2023-07-01
BEPC,Small Cap Extended,2023-10-01,2026-02-01
BERY,Mid Cap Extended,2018-09-01,2025-06-01
BEST,Small Cap Extended,2019-12-01,2020-03-01
BETR,Small Cap Extended,2025-11-01,2026-02-01
BFAM,Small Cap Extended,2018-09-01,2026-02-01
BFH,Small Cap Extended,2022-05-01,2026-02-01
BFLY,Small Cap Extended,2021-04-01,2022-01-01
BFLY,Small Cap Extended,2022-02-01,2022-03-01
BFT,Mid Cap Extended,2021-01-01,2021-05-01
BFYT,Small Cap Extended,2020-08-01,2020-10-01
BGC,Small Cap Extended,2024-04-01,2025-10-01
BGFV,Small Cap Extended,2021-07-01,2022-03-01
BGS,Small Cap Extended,2018-09-01,2018-10-01
BGS,Small Cap Extended,2019-02-01,2020-02-01
BGS,Small Cap Extended,2020-03-01,2021-01-01
BGS,Small Cap Extended,2021-02-01,2021-05-01
BGS,Small Cap Extended,2021-07-01,2021-09-01
BGS,Small Cap Extended,2022-06-01,2022-07-01
BHC,Mid Cap Extended,2018-09-01,2022-08-01
BHC,Mid Cap Extended,2022-09-01,2024-11-01
BHP,Mid Cap Extended,2018-09-01,2026-02-01
BHVN,Small Cap Extended,2018-09-01,2018-10-01
BHVN,Small Cap Extended,2019-01-01,2023-04-01
BHVN,Small Cap Extended,2023-07-01,2026-02-01
BID,Small Cap Extended,2018-09-01,2019-11-01
BIDU,Mid Cap Extended,2018-09-01,2026-02-01
BIG,Small Cap Extended,2018-09-01,2023-10-01
BIGC,Mid Cap Extended,2020-10-01,2022-10-01
BILI,Mid Cap Extended,2018-09-01,2026-02-01
BILL,Mid Cap Extended,2020-03-01,2026-02-01
BIOC,Small Cap Extended,2020-07-01,2020-10-01
BIOL,Small Cap Extended,2021-02-01,2021-05-01
BIP,Small Cap Extended,2019-10-01,2019-11-01
BIP,Small Cap Extended,2020-04-01,2020-08-01
BIP,Small Cap Extended,2023-11-01,2024-02-01
BIPC,Small Cap Extended,2021-12-01,2022-01-01
BIPC,Small Cap Extended,2023-07-01,2023-08-01
BIPC,Small Cap Extended,2023-09-01,2024-04-01
BIPC,Small Cap Extended,2024-06-01,2024-08-01
BIPC,Small Cap Extended,2025-04-01,2025-09-01
BIRD,Mid Cap Extended,2022-01-01,2022-04-01
BIRK,Mid Cap Extended,2024-01-01,2026-02-01
BITF,Small Cap Extended,2021-11-01,2022-02-01
BJ,Mid Cap Extended,2018-09-01,2026-02-01
BJRI,Small Cap Extended,2018-09-01,2020-08-01
BJRI,Small Cap Extended,2020-10-01,2020-11-01
BKD,Small Cap Extended,2018-09-01,2019-09-01
BKD,Small Cap Extended,2019-11-01,2020-01-01
BKI,Mid Cap Extended,2018-09-01,2023-10-01
BKKT,Small Cap Extended,2021-11-01,2022-07-01
BKKT,Small Cap Extended,2025-01-01,2025-03-01
BKKT,Small Cap Extended,2025-10-01,2026-02-01
BKS,Small Cap Extended,2019-07-01,2019-09-01
BKSY,Small Cap Extended,2025-08-01,2026-02-01
BKU,Small Cap Extended,2018-09-01,2021-01-01
BKU,Small Cap Extended,2021-11-01,2024-07-01
BKU,Small Cap Extended,2024-08-01,2026-02-01
BL,Small Cap Extended,2018-09-01,2026-02-01
BLCO,Small Cap Extended,2022-08-01,2022-09-01
BLCO,Small Cap Extended,2022-10-01,2022-11-01
BLDP,Mid Cap Extended,2020-02-01,2023-01-01
BLDP,Mid Cap Extended,2023-02-01,2023-03-01
BLI,Small Cap Extended,2020-10-01,2020-11-01
BLI,Small Cap Extended,2021-01-01,2022-01-01
BLMN,Small Cap Extended,2018-09-01,2025-07-01
BLNK,Mid Cap Extended,2020-08-01,2022-07-01
BLNK,Mid Cap Extended,2022-09-01,2023-01-01
BLNK,Mid Cap Extended,2023-03-01,2023-06-01
BLU,Mid Cap Extended,2022-03-01,2022-04-01
BLU,Mid Cap Extended,2023-05-01,2023-08-01
BLUE,Small Cap Extended,2018-09-01,2021-10-01
BLUE,Small Cap Extended,2022-01-01,2022-03-01
BLUE,Small Cap Extended,2022-07-01,2023-07-01
BLUE,Small Cap Extended,2024-01-01,2024-04-01
BMA,Small Cap Extended,2018-09-01,2018-12-01
BMA,Small Cap Extended,2019-06-01,2019-12-01
BMA,Small Cap Extended,2024-06-01,2024-08-01
BMA,Small Cap Extended,2025-01-01,2025-08-01
BMA,Small Cap Extended,2025-10-01,2026-02-01
BMBL,Mid Cap Extended,2021-05-01,2024-12-01
BMCH,Small Cap Extended,2019-11-01,2019-12-01
BMCH,Small Cap Extended,2020-04-01,2020-06-01
BMCH,Small Cap Extended,2020-09-01,2021-02-01
BMEA,Small Cap Extended,2023-05-01,2023-10-01
BMEA,Small Cap Extended,2024-01-01,2024-04-01
BMNR,Mid Cap Extended,2025-09-01,2026-02-01
BMO,Mid Cap Extended,2018-09-01,2026-02-01
BMRN,Mid Cap Extended,2018-09-01,2026-02-01
BMS,Mid Cap Extended,2018-09-01,2019-07-01
BN,Mid Cap Extended,2023-03-01,2026-02-01
BNGO,Small Cap Extended,2020-09-01,2020-11-01
BNGO,Small Cap Extended,2021-01-01,2022-03-01
BNGO,Small Cap Extended,2022-09-01,2022-12-01
BNL,Small Cap Extended,2021-07-01,2021-10-01
BNL,Small Cap Extended,2025-06-01,2025-08-01
BNS,Mid Cap Extended,2018-09-01,2026-02-01
BNTX,Mid Cap Extended,2020-04-01,2026-02-01
BOOT,Mid Cap Extended,2018-09-01,2026-02-01
BOWL,Small Cap Extended,2023-04-01,2024-01-01
BOX,Mid Cap Extended,2018-09-01,2026-02-01
BOXL,Mid Cap Extended,2020-08-01,2020-11-01
BP,Mid Cap Extended,2018-09-01,2026-02-01
BPL,Mid Cap Extended,2018-09-01,2019-12-01
BPMC,Mid Cap Extended,2018-09-01,2025-09-01
BPOP,Small Cap Extended,2018-09-01,2026-02-01
BPR,Small Cap Extended,2018-11-01,2020-04-01
BPY,Small Cap Extended,2018-09-01,2021-09-01
BPYU,Small Cap Extended,2020-05-01,2020-07-01
BRBR,Mid Cap Extended,2020-01-01,2020-04-01
BRBR,Mid Cap Extended,2022-04-01,2026-02-01
BRCC,Small Cap Extended,2022-04-01,2022-08-01
BRFS,Small Cap Extended,2018-11-01,2019-03-01
BRFS,Small Cap Extended,2019-04-01,2020-04-01
BRKR,Mid Cap Extended,2018-09-01,2026-02-01
BRKS,Small Cap Extended,2018-09-01,2022-01-01
BROS,Mid Cap Extended,2021-12-01,2026-02-01
BRSL,Small Cap Extended,2025-08-01,2025-11-01
BRX,Small Cap Extended,2018-09-01,2026-02-01
BRZE,Small Cap Extended,2022-02-01,2023-01-01
BRZE,Small Cap Extended,2023-05-01,2026-02-01
BSCM,Small Cap Extended,2020-04-01,2020-05-01
BSCN,Small Cap Extended,2022-12-01,2023-04-01
BSCN,Small Cap Extended,2023-12-01,2024-02-01
BSCO,Small Cap Extended,2022-07-01,2022-09-01
BSCO,Small Cap Extended,2022-10-01,2023-04-01
BSCO,Small Cap Extended,2023-12-01,2024-06-01
BSCP,Small Cap Extended,2024-01-01,2024-04-01
BSTI,Small Cap Extended,2018-09-01,2018-10-01
BSY,Small Cap Extended,2020-12-01,2021-01-01
BSY,Small Cap Extended,2021-05-01,2026-02-01
BT,Small Cap Extended,2019-01-01,2019-07-01
BT,Small Cap Extended,2019-08-01,2019-10-01
BTAI,Small Cap Extended,2020-04-01,2021-04-01
BTAI,Small Cap Extended,2023-08-01,2023-11-01
BTBT,Mid Cap Extended,2021-01-01,2022-02-01
BTCM,Small Cap Extended,2021-10-01,2022-01-01
BTDR,Small Cap Extended,2024-09-01,2026-02-01
BTG,Mid Cap Extended,2020-08-01,2020-12-01
BTI,Mid Cap Extended,2018-09-01,2026-02-01
BTQ,Small Cap Extended,2025-12-01,2026-02-01
BTRS,Small Cap Extended,2022-10-01,2023-02-01
BTSG,Small Cap Extended,2024-04-01,2024-06-01
BTSG,Small Cap Extended,2024-12-01,2026-02-01
BTU,Mid Cap Extended,2018-09-01,2020-04-01
BTU,Mid Cap Extended,2021-06-01,2026-02-01
BUD,Mid Cap Extended,2018-09-01,2026-02-01
BUR,Small Cap Extended,2024-07-01,2024-09-01
BURL,Mid Cap Extended,2018-09-01,2026-02-01
BVN,Small Cap Extended,2018-09-01,2020-08-01
BVN,Small Cap Extended,2020-09-01,2021-01-01
BVN,Small Cap Extended,2024-01-01,2024-09-01
BVN,Small Cap Extended,2025-12-01,2026-02-01
BWIN,Small Cap Extended,2024-10-01,2025-03-01
BWIN,Small Cap Extended,2025-04-01,2025-11-01
BWXT,Small Cap Extended,2018-09-01,2021-02-01
BWXT,Small Cap Extended,2021-10-01,2026-02-01
BXMT,Small Cap Extended,2018-09-01,2020-10-01
BXMT,Small Cap Extended,2021-08-01,2021-09-01
BXMT,Small Cap Extended,2021-12-01,2025-08-01
BXSL,Small Cap Extended,2023-11-01,2025-08-01
BXSL,Small Cap Extended,2025-10-01,2026-02-01
BYD,Mid Cap Extended,2018-09-01,2026-02-01
BYND,Mid Cap Extended,2019-07-01,2024-07-01
BYND,Mid Cap Extended,2024-08-01,2024-11-01
BYON,Small Cap Extended,2024-02-01,2024-12-01
BYON,Small Cap Extended,2025-04-01,2025-05-01
BZ,Mid Cap Extended,2021-09-01,2026-02-01
BZFD,Small Cap Extended,2023-02-01,2023-04-01
BZUN,Mid Cap Extended,2018-09-01,2021-07-01
BZUN,Mid Cap Extended,2021-10-01,2021-11-01
CABA,Small Cap Extended,2023-12-01,2024-06-01
CADE,Small Cap Extended,2018-09-01,2020-07-01
CADE,Small Cap Extended,2021-11-01,2026-02-01
CAKE,Small Cap Extended,2018-09-01,2026-02-01
CAL,Small Cap Extended,2018-12-01,2019-01-01
CAL,Small Cap Extended,2019-02-01,2019-03-01
CAL,Small Cap Extended,2019-05-01,2019-12-01
CAL,Small Cap Extended,2022-08-01,2022-11-01
CAL,Small Cap Extended,2024-07-01,2025-01-01
CALM,Small Cap Extended,2018-09-01,2019-04-01
CALM,Small Cap Extended,2019-08-01,2020-01-01
CALM,Small Cap Extended,2020-02-01,2020-03-01
CALM,Small Cap Extended,2020-04-01,2020-07-01
CALM,Small Cap Extended,2020-09-01,2020-12-01
CALM,Small Cap Extended,2022-05-01,2026-02-01
CALX,Small Cap Extended,2020-09-01,2021-09-01
CALX,Small Cap Extended,2021-10-01,2024-11-01
CALX,Small Cap Extended,2024-12-01,2025-03-01
CALX,Small Cap Extended,2025-04-01,2026-02-01
CAN,Mid Cap Extended,2021-01-01,2021-02-01
CAN,Mid Cap Extended,2021-03-01,2022-02-01
CAN,Mid Cap Extended,2022-04-01,2022-05-01
CANO,Small Cap Extended,2021-09-01,2022-02-01
CANO,Small Cap Extended,2022-08-01,2023-03-01
CAPR,Small Cap Extended,2020-05-01,2020-06-01
CAPR,Small Cap Extended,2020-08-01,2020-11-01
CAPR,Small Cap Extended,2024-11-01,2025-02-01
CAPR,Small Cap Extended,2025-07-01,2025-09-01
CAR,Mid Cap Extended,2018-09-01,2026-02-01
CARA,Small Cap Extended,2018-09-01,2019-01-01
CARA,Small Cap Extended,2019-05-01,2020-03-01
CARA,Small Cap Extended,2021-05-01,2021-08-01
CARA,Small Cap Extended,2021-11-01,2021-12-01
CARB,Small Cap Extended,2018-09-01,2020-02-01
CARG,Small Cap Extended,2018-09-01,2024-12-01
CARG,Small Cap Extended,2025-02-01,2026-02-01
CARS,Small Cap Extended,2018-09-01,2020-01-01
CATB,Small Cap Extended,2021-02-01,2021-04-01
CATM,Small Cap Extended,2018-09-01,2020-08-01
CATM,Small Cap Extended,2021-01-01,2021-05-01
CAVA,Mid Cap Extended,2023-09-01,2026-02-01
CBAT,Mid Cap Extended,2020-12-01,2021-05-01
CBAY,Small Cap Extended,2019-07-01,2019-08-01
CBAY,Small Cap Extended,2020-09-01,2020-11-01
CBAY,Small Cap Extended,2023-07-01,2024-05-01
CBB,Small Cap Extended,2020-04-01,2020-07-01
CBLK,Small Cap Extended,2018-09-01,2018-10-01
CBLK,Small Cap Extended,2019-01-01,2019-11-01
CBRL,Small Cap Extended,2018-09-01,2026-02-01
CBSH,Small Cap Extended,2018-09-01,2021-12-01
CBSH,Small Cap Extended,2022-02-01,2026-02-01
CC,Small Cap Extended,2018-09-01,2026-02-01
CCC,Small Cap Extended,2025-12-01,2026-02-01
CCCC,Small Cap Extended,2020-12-01,2021-01-01
CCCC,Small Cap Extended,2024-01-01,2024-06-01
CCCX,Mid Cap Extended,2025-11-01,2026-02-01
CCIV,Mid Cap Extended,2021-02-01,2021-09-01
CCJ,Mid Cap Extended,2018-09-01,2026-02-01
CCK,Mid Cap Extended,2018-09-01,2026-02-01
CCRN,Small Cap Extended,2022-10-01,2023-06-01
CCXI,Small Cap Extended,2019-12-01,2022-12-01
CCXX,Small Cap Extended,2020-09-01,2020-11-01
CDE,Small Cap Extended,2018-09-01,2018-11-01
CDE,Small Cap Extended,2019-02-01,2019-03-01
CDE,Small Cap Extended,2019-09-01,2019-10-01
CDE,Small Cap Extended,2019-11-01,2020-03-01
CDE,Small Cap Extended,2020-06-01,2022-02-01
CDE,Small Cap Extended,2024-06-01,2026-02-01
CDEV,Mid Cap Extended,2018-09-01,2019-09-01
CDEV,Mid Cap Extended,2021-06-01,2022-10-01
CDIO,Small Cap Extended,2023-04-01,2023-06-01
CDIO,Small Cap Extended,2023-12-01,2024-03-01
CDK,Mid Cap Extended,2018-09-01,2022-08-01
CDLX,Small Cap Extended,2019-09-01,2022-05-01
CDLX,Small Cap Extended,2024-04-01,2024-07-01
CDMO,Small Cap Extended,2021-11-01,2022-02-01
CDMO,Small Cap Extended,2024-12-01,2025-03-01
CDNA,Small Cap Extended,2018-10-01,2023-01-01
CDNA,Small Cap Extended,2023-04-01,2023-05-01
CDNA,Small Cap Extended,2024-09-01,2025-01-01
CDNA,Small Cap Extended,2025-08-01,2025-09-01
CDP,Small Cap Extended,2023-10-01,2024-06-01
CDP,Small Cap Extended,2024-10-01,2025-08-01
CDTX,Small Cap Extended,2025-08-01,2026-02-01
CDXC,Small Cap Extended,2021-03-01,2021-06-01
CDXS,Small Cap Extended,2021-12-01,2022-03-01
CEF,Small Cap Extended,2020-04-01,2020-12-01
CEF,Small Cap Extended,2025-11-01,2026-02-01
CEI,Mid Cap Extended,2021-10-01,2022-07-01
CEIX,Small Cap Extended,2018-09-01,2019-02-01
CEIX,Small Cap Extended,2022-05-01,2025-02-01
CELH,Mid Cap Extended,2020-10-01,2026-02-01
CEMI,Small Cap Extended,2020-08-01,2020-09-01
CENN,Small Cap Extended,2022-02-01,2022-03-01
CENX,Small Cap Extended,2018-09-01,2019-07-01
CENX,Small Cap Extended,2021-06-01,2021-08-01
CENX,Small Cap Extended,2022-03-01,2022-10-01
CENX,Small Cap Extended,2023-02-01,2023-06-01
CENX,Small Cap Extended,2024-05-01,2024-11-01
CENX,Small Cap Extended,2025-02-01,2026-02-01
CEP,Mid Cap Extended,2025-05-01,2025-09-01
CEQP,Small Cap Extended,2018-09-01,2018-10-01
CEQP,Small Cap Extended,2020-07-01,2020-08-01
CEQP,Small Cap Extended,2023-10-01,2023-12-01
CERE,Small Cap Extended,2021-07-01,2021-11-01
CERE,Small Cap Extended,2022-09-01,2024-09-01
CERT,Small Cap Extended,2021-03-01,2021-04-01
CERT,Small Cap Extended,2021-10-01,2022-03-01
CERT,Small Cap Extended,2023-04-01,2023-10-01
CERT,Small Cap Extended,2025-06-01,2025-08-01
CFLT,Mid Cap Extended,2021-09-01,2026-02-01
CFR,Small Cap Extended,2018-09-01,2026-02-01
CFVI,Mid Cap Extended,2022-01-01,2022-06-01
CFX,Mid Cap Extended,2018-09-01,2022-05-01
CG,Mid Cap Extended,2019-08-01,2026-02-01
CGC,Mid Cap Extended,2018-09-01,2023-05-01
CGC,Mid Cap Extended,2023-10-01,2024-02-01
CGC,Mid Cap Extended,2024-04-01,2024-10-01
CGEN,Small Cap Extended,2020-06-01,2021-01-01
CGNT,Small Cap Extended,2021-04-01,2021-06-01
CGNX,Mid Cap Extended,2018-09-01,2026-02-01
CGON,Small Cap Extended,2024-04-01,2025-01-01
CGON,Small Cap Extended,2025-05-01,2025-09-01
CGON,Small Cap Extended,2025-10-01,2026-02-01
CHEF,Small Cap Extended,2018-11-01,2019-02-01
CHEF,Small Cap Extended,2020-04-01,2020-10-01
CHEF,Small Cap Extended,2023-03-01,2023-04-01
CHEF,Small Cap Extended,2025-03-01,2025-11-01
CHFC,Small Cap Extended,2018-09-01,2019-09-01
CHGG,Mid Cap Extended,2018-09-01,2024-06-01
CHKP,Mid Cap Extended,2018-09-01,2026-02-01
CHL,Mid Cap Extended,2018-09-01,2021-02-01
CHNG,Mid Cap Extended,2019-09-01,2022-11-01
CHPT,Mid Cap Extended,2021-04-01,2024-11-01
CHPT,Mid Cap Extended,2025-03-01,2025-05-01
CHRD,Mid Cap Extended,2022-08-01,2026-02-01
CHRS,Small Cap Extended,2019-05-01,2021-01-01
CHS,Small Cap Extended,2018-09-01,2018-12-01
CHS,Small Cap Extended,2019-02-01,2019-04-01
CHS,Small Cap Extended,2023-10-01,2024-02-01
CHWY,Mid Cap Extended,2019-09-01,2026-02-01
CHX,Small Cap Extended,2020-08-01,2021-03-01
CHX,Small Cap Extended,2021-04-01,2025-09-01
CHYM,Small Cap Extended,2025-09-01,2026-02-01
CIB,Small Cap Extended,2020-04-01,2020-05-01
CIFR,Mid Cap Extended,2024-04-01,2024-05-01
CIFR,Mid Cap Extended,2024-08-01,2024-09-01
CIFR,Mid Cap Extended,2024-12-01,2025-01-01
CIFR,Mid Cap Extended,2025-02-01,2025-03-01
CIFR,Mid Cap Extended,2025-08-01,2026-02-01
CIIC,Mid Cap Extended,2020-12-01,2021-05-01
CIM,Small Cap Extended,2019-03-01,2019-04-01
CIM,Small Cap Extended,2019-09-01,2019-12-01
CIM,Small Cap Extended,2020-03-01,2020-11-01
CISN,Small Cap Extended,2019-11-01,2020-03-01
CIT,Mid Cap Extended,2018-09-01,2022-02-01
CIVI,Small Cap Extended,2022-01-01,2026-02-01
CJ,Small Cap Extended,2018-09-01,2019-09-01
CLB,Small Cap Extended,2018-09-01,2020-10-01
CLBT,Small Cap Extended,2024-09-01,2025-06-01
CLBT,Small Cap Extended,2025-08-01,2025-12-01
CLDR,Mid Cap Extended,2018-09-01,2021-11-01
CLDX,Small Cap Extended,2020-07-01,2020-10-01
CLDX,Small Cap Extended,2021-08-01,2021-12-01
CLDX,Small Cap Extended,2022-07-01,2022-12-01
CLDX,Small Cap Extended,2023-01-01,2023-08-01
CLDX,Small Cap Extended,2023-12-01,2025-04-01
CLDX,Small Cap Extended,2025-09-01,2025-11-01
CLEU,Small Cap Extended,2025-02-01,2025-03-01
CLF,Mid Cap Extended,2018-09-01,2020-04-01
CLF,Mid Cap Extended,2020-06-01,2026-02-01
CLGX,Small Cap Extended,2018-09-01,2021-07-01
CLI,Small Cap Extended,2019-01-01,2019-04-01
CLI,Small Cap Extended,2019-12-01,2020-08-01
CLI,Small Cap Extended,2020-10-01,2021-01-01
CLII,Small Cap Extended,2021-02-01,2021-05-01
CLNE,Small Cap Extended,2021-01-01,2022-07-01
CLNE,Small Cap Extended,2022-08-01,2023-02-01
CLNY,Small Cap Extended,2018-12-01,2019-01-01
CLNY,Small Cap Extended,2019-02-01,2019-03-01
CLNY,Small Cap Extended,2019-10-01,2019-12-01
CLOV,Mid Cap Extended,2021-02-01,2021-12-01
CLR,Mid Cap Extended,2018-09-01,2023-01-01
CLS,Mid Cap Extended,2023-09-01,2026-02-01
CLSN,Small Cap Extended,2021-03-01,2021-06-01
CLVR,Small Cap Extended,2022-06-01,2022-07-01
CLVS,Mid Cap Extended,2018-09-01,2019-10-01
CLVS,Mid Cap Extended,2019-12-01,2020-11-01
CLVS,Mid Cap Extended,2021-02-01,2021-08-01
CLVT,Mid Cap Extended,2021-03-01,2025-03-01
CM,Small Cap Extended,2018-09-01,2021-01-01
CM,Small Cap Extended,2021-04-01,2026-02-01
CMC,Small Cap Extended,2018-09-01,2026-02-01
CMLF,Small Cap Extended,2021-04-01,2021-06-01
CMPS,Small Cap Extended,2020-12-01,2021-02-01
CMPS,Small Cap Extended,2022-01-01,2022-02-01
CMRX,Small Cap Extended,2025-04-01,2025-06-01
CNDT,Mid Cap Extended,2018-09-01,2020-01-01
CNH,Mid Cap Extended,2024-07-01,2026-02-01
CNI,Mid Cap Extended,2018-09-01,2026-02-01
CNM,Mid Cap Extended,2021-10-01,2021-11-01
CNM,Mid Cap Extended,2022-02-01,2022-05-01
CNM,Mid Cap Extended,2022-11-01,2023-02-01
CNM,Mid Cap Extended,2023-05-01,2026-02-01
CNNE,Small Cap Extended,2020-01-01,2021-01-01
CNNE,Small Cap Extended,2021-03-01,2021-07-01
CNO,Small Cap Extended,2018-09-01,2021-01-01
CNO,Small Cap Extended,2021-08-01,2021-09-01
CNO,Small Cap Extended,2022-04-01,2022-09-01
CNO,Small Cap Extended,2023-03-01,2023-09-01
CNO,Small Cap Extended,2023-11-01,2025-02-01
CNO,Small Cap Extended,2025-03-01,2025-11-01
CNQ,Mid Cap Extended,2018-09-01,2026-02-01
CNR,Small Cap Extended,2022-05-01,2022-09-01
CNR,Small Cap Extended,2025-02-01,2026-02-01
CNSL,Small Cap Extended,2019-05-01,2019-06-01
CNTA,Small Cap Extended,2025-12-01,2026-02-01
CNXC,Small Cap Extended,2021-02-01,2021-04-01
CNXC,Small Cap Extended,2021-05-01,2026-02-01
CNXM,Small Cap Extended,2020-04-01,2020-05-01
COCO,Small Cap Extended,2023-08-01,2023-09-01
COCO,Small Cap Extended,2023-10-01,2024-03-01
COCO,Small Cap Extended,2025-04-01,2025-09-01
COCO,Small Cap Extended,2025-10-01,2026-02-01
CODX,Mid Cap Extended,2020-03-01,2021-02-01
COGT,Small Cap Extended,2022-07-01,2022-10-01
COGT,Small Cap Extended,2025-08-01,2025-11-01
COGT,Small Cap Extended,2025-12-01,2026-02-01
COLB,Small Cap Extended,2019-02-01,2019-05-01
COLB,Small Cap Extended,2022-03-01,2026-02-01
COLD,Mid Cap Extended,2018-10-01,2026-02-01
COLL,Small Cap Extended,2020-03-01,2020-06-01
COLM,Small Cap Extended,2018-09-01,2026-02-01
COMM,Small Cap Extended,2018-09-01,2023-05-01
COMM,Small Cap Extended,2024-11-01,2024-12-01
COMM,Small Cap Extended,2025-01-01,2025-05-01
COMM,Small Cap Extended,2025-06-01,2026-02-01
COMP,Small Cap Extended,2022-01-01,2022-04-01
COMP,Small Cap Extended,2024-09-01,2026-02-01
CON,Small Cap Extended,2025-03-01,2025-04-01
CONE,Mid Cap Extended,2018-09-01,2022-05-01
COOK,Small Cap Extended,2021-10-01,2021-11-01
COOP,Small Cap Extended,2019-01-01,2019-03-01
COOP,Small Cap Extended,2019-06-01,2019-07-01
COOP,Small Cap Extended,2020-10-01,2021-03-01
COOP,Small Cap Extended,2021-04-01,2021-07-01
COOP,Small Cap Extended,2021-10-01,2025-11-01
CORT,Small Cap Extended,2018-09-01,2019-06-01
CORT,Small Cap Extended,2019-12-01,2020-03-01
CORT,Small Cap Extended,2020-04-01,2021-03-01
CORT,Small Cap Extended,2022-01-01,2022-04-01
CORT,Small Cap Extended,2022-05-01,2022-11-01
CORT,Small Cap Extended,2023-01-01,2023-08-01
CORT,Small Cap Extended,2023-10-01,2026-02-01
CORZ,Mid Cap Extended,2024-07-01,2026-02-01
COSM,Mid Cap Extended,2023-01-01,2023-05-01
COT,Small Cap Extended,2018-10-01,2019-11-01
COT,Small Cap Extended,2020-02-01,2020-04-01
COUP,Mid Cap Extended,2018-09-01,2023-04-01
COUR,Small Cap Extended,2021-06-01,2022-04-01
COUR,Small Cap Extended,2022-07-01,2022-09-01
COUR,Small Cap Extended,2023-09-01,2024-11-01
COUR,Small Cap Extended,2025-08-01,2025-12-01
COWN,Small Cap Extended,2021-06-01,2021-07-01
COWN,Small Cap Extended,2022-08-01,2023-04-01
CP,Mid Cap Extended,2018-09-01,2026-02-01
CPA,Small Cap Extended,2018-09-01,2021-07-01
CPA,Small Cap Extended,2022-01-01,2022-11-01
CPA,Small Cap Extended,2023-01-01,2025-12-01
CPE,Mid Cap Extended,2018-09-01,2020-10-01
CPE,Mid Cap Extended,2020-11-01,2024-05-01
CPG,Small Cap Extended,2022-02-01,2024-07-01
CPNG,Mid Cap Extended,2021-06-01,2026-02-01
CPRX,Small Cap Extended,2022-09-01,2024-08-01
CPRX,Small Cap Extended,2024-11-01,2024-12-01
CPRX,Small Cap Extended,2025-02-01,2026-01-01
CRBG,Mid Cap Extended,2022-12-01,2026-02-01
CRBP,Small Cap Extended,2019-04-01,2019-06-01
CRBP,Small Cap Extended,2020-10-01,2020-11-01
CRBP,Small Cap Extended,2021-03-01,2021-06-01
CRBP,Small Cap Extended,2024-02-01,2024-05-01
CRBP,Small Cap Extended,2024-10-01,2024-11-01
CRBU,Small Cap Extended,2021-10-01,2021-11-01
CRBU,Small Cap Extended,2023-08-01,2023-10-01
CRC,Small Cap Extended,2018-09-01,2019-11-01
CRC,Small Cap Extended,2019-12-01,2020-04-01
CRC,Small Cap Extended,2021-07-01,2026-02-01
CRCL,Mid Cap Extended,2025-09-01,2026-02-01
CRDF,Small Cap Extended,2020-10-01,2021-04-01
CRDO,Small Cap Extended,2022-10-01,2023-01-01
CRDO,Small Cap Extended,2023-02-01,2026-02-01
CREE,Mid Cap Extended,2018-09-01,2021-11-01
CRGY,Small Cap Extended,2024-06-01,2026-02-01
CRI,Mid Cap Extended,2018-09-01,2026-02-01
CRIS,Small Cap Extended,2021-01-01,2021-04-01
CRIS,Small Cap Extended,2021-06-01,2021-09-01
CRK,Small Cap Extended,2021-11-01,2026-02-01
CRKN,Small Cap Extended,2024-06-01,2024-09-01
CRMD,Small Cap Extended,2025-08-01,2026-02-01
CRNC,Mid Cap Extended,2020-03-01,2022-07-01
CRNC,Mid Cap Extended,2025-02-01,2025-05-01
CRON,Mid Cap Extended,2018-09-01,2021-06-01
CROX,Mid Cap Extended,2018-09-01,2026-02-01
CRS,Small Cap Extended,2018-09-01,2018-10-01
CRS,Small Cap Extended,2018-11-01,2019-08-01
CRS,Small Cap Extended,2019-10-01,2020-05-01
CRS,Small Cap Extended,2020-08-01,2020-11-01
CRS,Small Cap Extended,2023-05-01,2026-02-01
CRSP,Mid Cap Extended,2018-09-01,2026-02-01
CRSR,Mid Cap Extended,2020-12-01,2022-06-01
CRTO,Small Cap Extended,2018-09-01,2019-07-01
CRTO,Small Cap Extended,2021-05-01,2021-07-01
CRTO,Small Cap Extended,2024-09-01,2024-11-01
CRUS,Small Cap Extended,2018-09-01,2026-02-01
CRWV,Mid Cap Extended,2025-06-01,2026-02-01
CRZO,Mid Cap Extended,2018-09-01,2020-02-01
CS,Small Cap Extended,2018-09-01,2021-03-01
CS,Small Cap Extended,2021-04-01,2022-09-01
CSFL,Small Cap Extended,2018-09-01,2020-07-01
CSIQ,Small Cap Extended,2018-09-01,2018-10-01
CSIQ,Small Cap Extended,2019-01-01,2020-07-01
CSIQ,Small Cap Extended,2020-08-01,2025-03-01
CSIQ,Small Cap Extended,2025-11-01,2026-02-01
CSL,Mid Cap Extended,2018-09-01,2026-02-01
CSOD,Small Cap Extended,2018-09-01,2021-02-01
CSOD,Small Cap Extended,2021-09-01,2021-12-01
CSTM,Small Cap Extended,2019-10-01,2020-07-01
CSTM,Small Cap Extended,2021-07-01,2021-10-01
CSTM,Small Cap Extended,2024-07-01,2024-12-01
CTIC,Small Cap Extended,2022-07-01,2022-11-01
CTIC,Small Cap Extended,2022-12-01,2023-04-01
CTIC,Small Cap Extended,2023-06-01,2023-08-01
CTRE,Small Cap Extended,2019-02-01,2020-06-01
CTRE,Small Cap Extended,2023-10-01,2026-02-01
CTRI,Small Cap Extended,2025-10-01,2026-02-01
CTRL,Small Cap Extended,2018-10-01,2019-01-01
CTRM,Small Cap Extended,2021-02-01,2021-08-01
CTRP,Mid Cap Extended,2018-09-01,2019-12-01
CTST,Small Cap Extended,2019-05-01,2019-08-01
CTXR,Small Cap Extended,2021-05-01,2021-06-01
CTXR,Small Cap Extended,2021-08-01,2021-09-01
CUBE,Mid Cap Extended,2018-09-01,2026-02-01
CUK,Small Cap Extended,2018-09-01,2023-03-01
CUK,Small Cap Extended,2023-04-01,2026-02-01
CURB,Small Cap Extended,2024-12-01,2025-01-01
CUZ,Small Cap Extended,2018-09-01,2021-04-01
CUZ,Small Cap Extended,2021-06-01,2021-11-01
CUZ,Small Cap Extended,2022-02-01,2026-02-01
CVA,Small Cap Extended,2019-02-01,2019-07-01
CVA,Small Cap Extended,2019-11-01,2020-02-01
CVA,Small Cap Extended,2020-04-01,2020-07-01
CVA,Small Cap Extended,2021-08-01,2021-11-01
CVAC,Mid Cap Extended,2020-11-01,2022-03-01
CVBF,Small Cap Extended,2018-11-01,2019-01-01
CVBF,Small Cap Extended,2019-09-01,2020-01-01
CVBF,Small Cap Extended,2020-04-01,2020-07-01
CVBF,Small Cap Extended,2022-05-01,2022-10-01
CVBF,Small Cap Extended,2022-12-01,2024-02-01
CVE,Mid Cap Extended,2018-09-01,2020-04-01
CVE,Mid Cap Extended,2021-01-01,2026-02-01
CVET,Small Cap Extended,2019-05-01,2021-05-01
CVET,Small Cap Extended,2022-06-01,2022-11-01
CVI,Small Cap Extended,2018-09-01,2020-07-01
CVI,Small Cap Extended,2022-07-01,2025-04-01
CVI,Small Cap Extended,2025-08-01,2026-02-01
CVM,Small Cap Extended,2020-04-01,2020-05-01
CVM,Small Cap Extended,2021-07-01,2021-08-01
CVRR,Small Cap Extended,2018-09-01,2018-11-01
CVT,Small Cap Extended,2023-06-01,2023-08-01
CWAN,Small Cap Extended,2023-11-01,2026-02-01
CWEN,Small Cap Extended,2019-03-01,2019-05-01
CWEN,Small Cap Extended,2020-04-01,2020-07-01
CWEN,Small Cap Extended,2020-11-01,2020-12-01
CWEN,Small Cap Extended,2022-06-01,2023-01-01
CWEN,Small Cap Extended,2023-04-01,2024-05-01
CWEN,Small Cap Extended,2024-06-01,2024-10-01
CWEN,Small Cap Extended,2024-11-01,2025-02-01
CWEN,Small Cap Extended,2025-04-01,2025-10-01
CWEN,Small Cap Extended,2025-11-01,2026-02-01
CWH,Small Cap Extended,2018-09-01,2019-02-01
CWH,Small Cap Extended,2020-06-01,2025-12-01
CWK,Small Cap Extended,2018-10-01,2019-03-01
CWK,Small Cap Extended,2019-04-01,2019-10-01
CWK,Small Cap Extended,2019-12-01,2020-05-01
CWK,Small Cap Extended,2021-09-01,2021-12-01
CWK,Small Cap Extended,2022-02-01,2022-04-01
CWK,Small Cap Extended,2023-01-01,2025-02-01
CWK,Small Cap Extended,2025-05-01,2025-06-01
CWK,Small Cap Extended,2025-09-01,2026-01-01
CX,Mid Cap Extended,2018-09-01,2018-11-01
CX,Mid Cap Extended,2019-02-01,2019-03-01
CX,Mid Cap Extended,2021-01-01,2022-03-01
CX,Mid Cap Extended,2022-04-01,2022-05-01
CX,Mid Cap Extended,2023-02-01,2023-03-01
CX,Mid Cap Extended,2023-04-01,2026-02-01
CXAI,Mid Cap Extended,2023-05-01,2023-08-01
CXM,Small Cap Extended,2023-07-01,2024-09-01
CXP,Small Cap Extended,2018-09-01,2019-07-01
CXP,Small Cap Extended,2020-01-01,2020-09-01
CXP,Small Cap Extended,2021-10-01,2022-01-01
CXT,Small Cap Extended,2023-06-01,2023-12-01
CXT,Small Cap Extended,2024-01-01,2024-06-01
CXT,Small Cap Extended,2024-09-01,2025-01-01
CXT,Small Cap Extended,2025-03-01,2025-06-01
CXW,Small Cap Extended,2018-09-01,2020-12-01
CXW,Small Cap Extended,2024-12-01,2025-07-01
CY,Mid Cap Extended,2018-09-01,2020-06-01
CYBR,Mid Cap Extended,2018-09-01,2026-02-01
CYH,Small Cap Extended,2020-12-01,2021-03-01
CYH,Small Cap Extended,2021-05-01,2021-10-01
CYN,Small Cap Extended,2022-06-01,2022-08-01
CYN,Small Cap Extended,2025-07-01,2025-10-01
CYRX,Small Cap Extended,2019-11-01,2019-12-01
CYRX,Small Cap Extended,2020-07-01,2021-06-01
CYRX,Small Cap Extended,2021-12-01,2022-05-01
CYTK,Mid Cap Extended,2020-04-01,2021-02-01
CYTK,Mid Cap Extended,2021-08-01,2026-02-01
CZOO,Small Cap Extended,2024-05-01,2024-07-01
CZZ,Small Cap Extended,2019-02-01,2019-05-01
CZZ,Small Cap Extended,2019-09-01,2020-07-01
CZZ,Small Cap Extended,2020-08-01,2020-11-01
DADA,Small Cap Extended,2020-08-01,2021-11-01
DADA,Small Cap Extended,2023-02-01,2023-05-01
DAN,Small Cap Extended,2018-09-01,2021-01-01
DAN,Small Cap Extended,2021-02-01,2021-04-01
DAN,Small Cap Extended,2021-05-01,2021-08-01
DAN,Small Cap Extended,2022-04-01,2022-09-01
DAN,Small Cap Extended,2022-10-01,2023-02-01
DAN,Small Cap Extended,2023-07-01,2024-01-01
DAN,Small Cap Extended,2025-01-01,2026-02-01
DAR,Mid Cap Extended,2018-09-01,2026-02-01
DATA,Mid Cap Extended,2018-09-01,2019-09-01
DAWN,Small Cap Extended,2022-07-01,2022-10-01
DAWN,Small Cap Extended,2023-07-01,2023-08-01
DB,Small Cap Extended,2018-09-01,2026-02-01
DBD,Small Cap Extended,2019-04-01,2020-04-01
DBI,Small Cap Extended,2019-05-01,2020-04-01
DBI,Small Cap Extended,2020-05-01,2020-06-01
DBI,Small Cap Extended,2022-11-01,2023-04-01
DBI,Small Cap Extended,2023-10-01,2024-02-01
DBRG,Small Cap Extended,2021-08-01,2021-10-01
DBRG,Small Cap Extended,2021-12-01,2025-09-01
DBRG,Small Cap Extended,2025-11-01,2026-02-01
DBX,Mid Cap Extended,2018-09-01,2026-02-01
DCFC,Small Cap Extended,2022-03-01,2022-06-01
DCI,Small Cap Extended,2018-09-01,2021-04-01
DCI,Small Cap Extended,2021-05-01,2026-02-01
DCP,Small Cap Extended,2018-09-01,2020-04-01
DCP,Small Cap Extended,2020-05-01,2020-08-01
DCP,Small Cap Extended,2022-09-01,2023-08-01
DCPH,Small Cap Extended,2019-09-01,2021-03-01
DCPH,Small Cap Extended,2022-01-01,2022-03-01
DCPH,Small Cap Extended,2024-05-01,2024-07-01
DCT,Small Cap Extended,2018-09-01,2018-10-01
DCT,Small Cap Extended,2020-10-01,2021-07-01
DCT,Small Cap Extended,2021-10-01,2022-02-01
DCT,Small Cap Extended,2023-02-01,2023-05-01
DDD,Small Cap Extended,2018-09-01,2020-09-01
DDD,Small Cap Extended,2020-11-01,2022-07-01
DEA,Small Cap Extended,2019-11-01,2019-12-01
DEA,Small Cap Extended,2020-04-01,2020-08-01
DEAC,Small Cap Extended,2020-02-01,2020-06-01
DEI,Small Cap Extended,2018-09-01,2021-10-01
DEI,Small Cap Extended,2021-11-01,2024-06-01
DEI,Small Cap Extended,2024-09-01,2025-08-01
DEN,Mid Cap Extended,2021-04-01,2023-12-01
DENN,Small Cap Extended,2019-10-01,2019-11-01
DENN,Small Cap Extended,2020-07-01,2020-12-01
DEO,Mid Cap Extended,2018-09-01,2026-02-01
DESP,Small Cap Extended,2025-01-01,2025-07-01
DF,Small Cap Extended,2018-09-01,2019-01-01
DFDV,Small Cap Extended,2025-06-01,2025-12-01
DFLI,Small Cap Extended,2025-11-01,2026-01-01
DH,Small Cap Extended,2021-12-01,2022-01-01
DHC,Small Cap Extended,2020-02-01,2020-03-01
DHT,Small Cap Extended,2023-03-01,2023-07-01
DHT,Small Cap Extended,2023-10-01,2024-04-01
DHT,Small Cap Extended,2024-10-01,2024-11-01
DICE,Small Cap Extended,2022-11-01,2023-02-01
DICE,Small Cap Extended,2023-06-01,2023-09-01
DIDI,Mid Cap Extended,2021-09-01,2022-01-01
DIN,Small Cap Extended,2018-09-01,2021-01-01
DIN,Small Cap Extended,2021-06-01,2021-07-01
DINO,Mid Cap Extended,2022-04-01,2026-02-01
DISCK,Mid Cap Extended,2018-09-01,2022-05-01
DJT,Mid Cap Extended,2024-05-01,2026-02-01
DK,Small Cap Extended,2018-09-01,2020-12-01
DK,Small Cap Extended,2022-05-01,2024-12-01
DK,Small Cap Extended,2025-04-01,2026-02-01
DKNG,Mid Cap Extended,2020-06-01,2026-02-01
DKS,Mid Cap Extended,2018-09-01,2026-02-01
DLB,Small Cap Extended,2018-09-01,2026-02-01
DLO,Small Cap Extended,2021-08-01,2023-04-01
DLO,Small Cap Extended,2023-05-01,2024-01-01
DLO,Small Cap Extended,2024-06-01,2024-09-01
DLO,Small Cap Extended,2025-10-01,2026-01-01
DLPH,Small Cap Extended,2018-09-01,2020-11-01
DM,Small Cap Extended,2018-09-01,2019-03-01
DM,Small Cap Extended,2021-02-01,2022-05-01
DM,Small Cap Extended,2022-06-01,2022-09-01
DMTK,Small Cap Extended,2021-03-01,2021-10-01
DNA,Mid Cap Extended,2021-10-01,2024-10-01
DNKN,Mid Cap Extended,2018-09-01,2021-02-01
DNLI,Small Cap Extended,2020-03-01,2020-05-01
DNLI,Small Cap Extended,2020-09-01,2022-05-01
DNLI,Small Cap Extended,2022-08-01,2023-10-01
DNLI,Small Cap Extended,2023-11-01,2025-01-01
DNMR,Small Cap Extended,2021-02-01,2022-04-01
DNOW,Small Cap Extended,2018-09-01,2019-05-01
DNOW,Small Cap Extended,2019-10-01,2019-11-01
DNOW,Small Cap Extended,2020-02-01,2020-03-01
DNUT,Small Cap Extended,2021-09-01,2021-11-01
DNUT,Small Cap Extended,2024-04-01,2024-10-01
DOCN,Mid Cap Extended,2021-06-01,2021-07-01
DOCN,Mid Cap Extended,2021-09-01,2026-02-01
DOCS,Mid Cap Extended,2021-09-01,2026-02-01
DOCU,Mid Cap Extended,2018-09-01,2026-02-01
DOMO,Small Cap Extended,2018-09-01,2018-11-01
DOMO,Small Cap Extended,2019-03-01,2020-04-01
DOMO,Small Cap Extended,2020-07-01,2021-07-01
DOMO,Small Cap Extended,2021-08-01,2022-04-01
DOX,Mid Cap Extended,2018-09-01,2026-02-01
DPHC,Mid Cap Extended,2020-09-01,2020-12-01
DPLO,Small Cap Extended,2018-09-01,2019-04-01
DPRO,Small Cap Extended,2025-10-01,2026-02-01
DPW,Mid Cap Extended,2020-12-01,2021-01-01
DQ,Mid Cap Extended,2018-09-01,2018-11-01
DQ,Mid Cap Extended,2020-03-01,2020-07-01
DQ,Mid Cap Extended,2020-08-01,2024-08-01
DQ,Mid Cap Extended,2024-11-01,2025-02-01
DQ,Mid Cap Extended,2025-10-01,2026-02-01
DRH,Small Cap Extended,2018-09-01,2020-04-01
DRH,Small Cap Extended,2020-05-01,2020-07-01
DRH,Small Cap Extended,2023-06-01,2023-08-01
DRH,Small Cap Extended,2023-10-01,2024-01-01
DRNA,Small Cap Extended,2019-12-01,2020-10-01
DRNA,Small Cap Extended,2021-08-01,2022-02-01
DRS,Small Cap Extended,2023-12-01,2024-03-01
DRS,Small Cap Extended,2025-04-01,2026-02-01
DRVN,Small Cap Extended,2021-04-01,2021-05-01
DRVN,Small Cap Extended,2022-10-01,2023-02-01
DRVN,Small Cap Extended,2023-09-01,2024-01-01
DRVN,Small Cap Extended,2024-07-01,2024-08-01
DSEY,Small Cap Extended,2023-04-01,2023-08-01
DSW,Mid Cap Extended,2018-09-01,2019-05-01
DT,Mid Cap Extended,2019-10-01,2026-02-01
DTIL,Small Cap Extended,2020-01-01,2020-04-01
DTM,Small Cap Extended,2021-09-01,2022-01-01
DTM,Small Cap Extended,2022-03-01,2026-02-01
DUOL,Mid Cap Extended,2021-10-01,2026-02-01
DV,Small Cap Extended,2021-07-01,2021-08-01
DV,Small Cap Extended,2022-01-01,2022-04-01
DV,Small Cap Extended,2022-09-01,2026-02-01
DVAX,Small Cap Extended,2018-09-01,2019-04-01
DVAX,Small Cap Extended,2020-06-01,2020-10-01
DVAX,Small Cap Extended,2021-03-01,2021-07-01
DVAX,Small Cap Extended,2021-09-01,2022-05-01
DVAX,Small Cap Extended,2022-06-01,2023-05-01
DVAX,Small Cap Extended,2023-07-01,2025-03-01
DVAX,Small Cap Extended,2025-04-01,2025-08-01
DVMT,Mid Cap Extended,2018-09-01,2019-02-01
DWAC,Mid Cap Extended,2021-11-01,2023-03-01
DWAC,Mid Cap Extended,2023-09-01,2023-11-01
DWAC,Mid Cap Extended,2024-02-01,2024-05-01
DX,Small Cap Extended,2025-03-01,2026-02-01
DXYZ,Mid Cap Extended,2024-06-01,2024-08-01
DXYZ,Mid Cap Extended,2024-12-01,2025-06-01
DYN,Small Cap Extended,2024-02-01,2026-02-01
EAF,Small Cap Extended,2018-09-01,2020-07-01
EAF,Small Cap Extended,2021-04-01,2021-11-01
EAF,Small Cap Extended,2022-03-01,2022-06-01
EAR,Small Cap Extended,2021-01-01,2021-02-01
EAR,Small Cap Extended,2021-11-01,2021-12-01
EAR,Small Cap Extended,2022-02-01,2022-03-01
EAR,Small Cap Extended,2022-10-01,2022-12-01
EAT,Mid Cap Extended,2018-09-01,2026-02-01
EB,Small Cap Extended,2018-12-01,2019-01-01
EB,Small Cap Extended,2019-04-01,2020-10-01
EB,Small Cap Extended,2021-04-01,2021-09-01
EBC,Small Cap Extended,2021-01-01,2021-04-01
EBC,Small Cap Extended,2024-10-01,2024-11-01
EBC,Small Cap Extended,2025-11-01,2026-02-01
EBR,Small Cap Extended,2022-07-01,2022-08-01
EBR,Small Cap Extended,2022-11-01,2023-02-01
EBS,Small Cap Extended,2018-09-01,2022-12-01
EBS,Small Cap Extended,2023-05-01,2023-07-01
EBS,Small Cap Extended,2024-07-01,2024-12-01
EC,Small Cap Extended,2018-11-01,2019-02-01
EC,Small Cap Extended,2023-11-01,2024-03-01
EC,Small Cap Extended,2024-07-01,2024-10-01
EC,Small Cap Extended,2025-05-01,2025-06-01
ECA,Mid Cap Extended,2018-09-01,2020-03-01
ECG,Small Cap Extended,2025-01-01,2026-02-01
ECYT,Mid Cap Extended,2018-09-01,2019-02-01
EDIT,Small Cap Extended,2018-09-01,2023-04-01
EDIT,Small Cap Extended,2023-06-01,2023-10-01
EDIT,Small Cap Extended,2024-01-01,2024-03-01
EDR,Mid Cap Extended,2018-09-01,2018-11-01
EDR,Mid Cap Extended,2021-06-01,2021-09-01
EDR,Mid Cap Extended,2021-11-01,2025-05-01
EDU,Mid Cap Extended,2018-09-01,2026-02-01
EEFT,Small Cap Extended,2018-09-01,2026-02-01
EEP,Small Cap Extended,2018-09-01,2019-02-01
EEQ,Small Cap Extended,2018-12-01,2019-02-01
EFII,Small Cap Extended,2018-09-01,2019-09-01
EGHT,Small Cap Extended,2018-09-01,2021-10-01
EGHT,Small Cap Extended,2022-01-01,2022-06-01
EGN,Mid Cap Extended,2018-09-01,2019-01-01
EGO,Small Cap Extended,2019-08-01,2021-04-01
EGO,Small Cap Extended,2022-04-01,2022-07-01
EGO,Small Cap Extended,2023-05-01,2023-08-01
EGO,Small Cap Extended,2023-12-01,2025-02-01
EGO,Small Cap Extended,2025-03-01,2026-02-01
EH,Small Cap Extended,2021-02-01,2021-11-01
EH,Small Cap Extended,2023-02-01,2023-05-01
EH,Small Cap Extended,2023-09-01,2024-02-01
EH,Small Cap Extended,2024-05-01,2024-08-01
EH,Small Cap Extended,2024-11-01,2025-09-01
EHAB,Small Cap Extended,2022-09-01,2022-10-01
EHC,Small Cap Extended,2018-09-01,2026-02-01
EHTH,Mid Cap Extended,2019-02-01,2021-07-01
ELAN,Mid Cap Extended,2018-12-01,2026-02-01
ELF,Mid Cap Extended,2019-09-01,2019-12-01
ELF,Mid Cap Extended,2020-03-01,2020-06-01
ELF,Mid Cap Extended,2020-10-01,2020-12-01
ELF,Mid Cap Extended,2022-09-01,2026-02-01
ELLI,Mid Cap Extended,2018-09-01,2019-06-01
ELS,Mid Cap Extended,2018-09-01,2026-02-01
ELY,Small Cap Extended,2018-09-01,2022-10-01
EMBC,Small Cap Extended,2022-06-01,2022-08-01
EMBC,Small Cap Extended,2022-12-01,2023-06-01
ENB,Mid Cap Extended,2018-09-01,2026-02-01
ENIA,Small Cap Extended,2019-02-01,2019-05-01
ENIA,Small Cap Extended,2019-11-01,2020-08-01
ENLC,Small Cap Extended,2019-02-01,2019-11-01
ENLC,Small Cap Extended,2022-05-01,2025-03-01
ENLK,Small Cap Extended,2018-09-01,2019-03-01
ENOV,Small Cap Extended,2022-05-01,2025-11-01
ENR,Small Cap Extended,2018-09-01,2021-02-01
ENR,Small Cap Extended,2021-07-01,2021-12-01
ENR,Small Cap Extended,2022-10-01,2023-01-01
ENR,Small Cap Extended,2023-10-01,2024-02-01
ENR,Small Cap Extended,2024-11-01,2024-12-01
ENR,Small Cap Extended,2025-08-01,2025-09-01
ENSC,Small Cap Extended,2022-01-01,2022-04-01
ENTG,Mid Cap Extended,2018-09-01,2026-02-01
ENV,Small Cap Extended,2018-09-01,2025-01-01
ENVX,Mid Cap Extended,2021-12-01,2022-04-01
ENVX,Mid Cap Extended,2022-07-01,2026-02-01
EOLS,Small Cap Extended,2019-03-01,2019-09-01
EOSE,Mid Cap Extended,2021-02-01,2021-04-01
EOSE,Mid Cap Extended,2025-02-01,2025-03-01
EOSE,Mid Cap Extended,2025-05-01,2025-06-01
EOSE,Mid Cap Extended,2025-07-01,2026-02-01
EPC,Small Cap Extended,2018-09-01,2020-11-01
EPC,Small Cap Extended,2021-04-01,2021-07-01
EPC,Small Cap Extended,2022-11-01,2022-12-01
EPC,Small Cap Extended,2023-06-01,2023-07-01
EPC,Small Cap Extended,2023-08-01,2023-09-01
EPC,Small Cap Extended,2023-10-01,2023-11-01
EPD,Mid Cap Extended,2018-09-01,2026-02-01
EPR,Small Cap Extended,2018-09-01,2021-04-01
EPR,Small Cap Extended,2021-07-01,2021-09-01
EPR,Small Cap Extended,2022-03-01,2022-07-01
EPR,Small Cap Extended,2022-09-01,2023-01-01
EPR,Small Cap Extended,2023-08-01,2024-12-01
EPR,Small Cap Extended,2025-03-01,2026-02-01
EPRT,Small Cap Extended,2019-08-01,2020-08-01
EPRT,Small Cap Extended,2020-12-01,2021-01-01
EPRT,Small Cap Extended,2022-09-01,2023-01-01
EPRT,Small Cap Extended,2023-02-01,2026-02-01
EPZM,Small Cap Extended,2019-07-01,2019-10-01
EPZM,Small Cap Extended,2020-01-01,2020-10-01
EQH,Mid Cap Extended,2018-09-01,2026-02-01
EQM,Small Cap Extended,2018-09-01,2020-08-01
EQNR,Mid Cap Extended,2018-09-01,2026-02-01
EQX,Small Cap Extended,2020-06-01,2020-12-01
EQX,Small Cap Extended,2024-06-01,2024-08-01
EQX,Small Cap Extended,2024-11-01,2026-02-01
ERF,Small Cap Extended,2022-02-01,2023-07-01
ERF,Small Cap Extended,2023-08-01,2024-07-01
ERI,Mid Cap Extended,2018-09-01,2020-09-01
ERIC,Mid Cap Extended,2018-09-01,2023-06-01
ERIC,Mid Cap Extended,2023-07-01,2023-08-01
ERIC,Mid Cap Extended,2024-01-01,2024-05-01
ERIC,Mid Cap Extended,2024-06-01,2026-02-01
ERJ,Small Cap Extended,2018-09-01,2020-10-01
ERJ,Small Cap Extended,2021-04-01,2022-10-01
ERJ,Small Cap Extended,2023-04-01,2023-12-01
ERJ,Small Cap Extended,2024-01-01,2025-12-01
ESI,Small Cap Extended,2019-03-01,2026-02-01
ESIO,Small Cap Extended,2018-09-01,2019-03-01
ESMT,Small Cap Extended,2023-11-01,2024-03-01
ESNT,Small Cap Extended,2018-09-01,2021-12-01
ESNT,Small Cap Extended,2022-01-01,2023-01-01
ESNT,Small Cap Extended,2023-04-01,2026-02-01
ESPR,Small Cap Extended,2018-09-01,2021-03-01
ESRT,Small Cap Extended,2018-09-01,2020-01-01
ESRT,Small Cap Extended,2020-03-01,2020-10-01
ESRT,Small Cap Extended,2020-12-01,2021-02-01
ESTC,Mid Cap Extended,2018-12-01,2026-02-01
ESTE,Small Cap Extended,2022-07-01,2023-07-01
ESTE,Small Cap Extended,2023-09-01,2023-12-01
ET,Mid Cap Extended,2018-12-01,2020-04-01
ET,Mid Cap Extended,2021-03-01,2026-02-01
ETHZ,Small Cap Extended,2025-11-01,2025-12-01
ETNB,Small Cap Extended,2023-04-01,2024-01-01
ETNB,Small Cap Extended,2025-10-01,2025-12-01
ETOR,Small Cap Extended,2025-08-01,2026-02-01
ETRN,Small Cap Extended,2019-02-01,2020-04-01
ETRN,Small Cap Extended,2020-05-01,2021-05-01
ETRN,Small Cap Extended,2021-06-01,2023-05-01
ETRN,Small Cap Extended,2023-06-01,2024-09-01
ETWO,Small Cap Extended,2021-07-01,2022-05-01
ETWO,Small Cap Extended,2022-06-01,2022-07-01
EURN,Small Cap Extended,2020-04-01,2020-08-01
EURN,Small Cap Extended,2023-01-01,2023-06-01
EURN,Small Cap Extended,2023-11-01,2024-05-01
EVBG,Mid Cap Extended,2018-09-01,2023-02-01
EVBG,Mid Cap Extended,2024-03-01,2024-08-01
EVER,Small Cap Extended,2020-01-01,2020-12-01
EVFM,Small Cap Extended,2022-08-01,2022-09-01
EVGO,Small Cap Extended,2021-10-01,2022-12-01
EVGO,Small Cap Extended,2024-11-01,2025-01-01
EVH,Small Cap Extended,2018-09-01,2019-10-01
EVH,Small Cap Extended,2019-12-01,2020-04-01
EVH,Small Cap Extended,2020-09-01,2020-12-01
EVH,Small Cap Extended,2021-11-01,2022-01-01
EVH,Small Cap Extended,2022-06-01,2025-06-01
EVH,Small Cap Extended,2025-07-01,2025-11-01
EVR,Mid Cap Extended,2018-09-01,2026-02-01
EVRI,Small Cap Extended,2019-06-01,2019-07-01
EVRI,Small Cap Extended,2020-01-01,2020-04-01
EVRI,Small Cap Extended,2020-06-01,2021-02-01
EVRI,Small Cap Extended,2021-07-01,2021-10-01
EVRI,Small Cap Extended,2024-08-01,2024-11-01
EWBC,Mid Cap Extended,2018-09-01,2026-02-01
EWTX,Small Cap Extended,2024-10-01,2025-07-01
EXAS,Mid Cap Extended,2018-09-01,2026-02-01
EXEL,Mid Cap Extended,2018-09-01,2026-02-01
EXFY,Small Cap Extended,2022-02-01,2022-03-01
EXK,Small Cap Extended,2024-11-01,2024-12-01
EXK,Small Cap Extended,2025-08-01,2026-02-01
EXP,Mid Cap Extended,2018-09-01,2026-02-01
EXPI,Small Cap Extended,2020-09-01,2022-08-01
EXPI,Small Cap Extended,2023-07-01,2023-12-01
EXPR,Small Cap Extended,2018-09-01,2019-04-01
EXPR,Small Cap Extended,2021-02-01,2021-12-01
EXTR,Small Cap Extended,2018-09-01,2018-12-01
EXTR,Small Cap Extended,2019-02-01,2019-05-01
EXTR,Small Cap Extended,2022-11-01,2024-12-01
EXTR,Small Cap Extended,2025-10-01,2026-01-01
EYE,Small Cap Extended,2018-09-01,2024-12-01
EYE,Small Cap Extended,2025-06-01,2026-02-01
EYPT,Small Cap Extended,2024-01-01,2024-07-01
FAF,Small Cap Extended,2018-09-01,2026-02-01
FAMI,Small Cap Extended,2021-10-01,2022-02-01
FATE,Small Cap Extended,2019-01-01,2019-04-01
FATE,Small Cap Extended,2019-06-01,2023-07-01
FAZE,Small Cap Extended,2022-10-01,2022-11-01
FBIN,Mid Cap Extended,2023-01-01,2026-02-01
FBP,Small Cap Extended,2018-10-01,2019-12-01
FBP,Small Cap Extended,2020-03-01,2020-04-01
FBP,Small Cap Extended,2022-02-01,2023-02-01
FBP,Small Cap Extended,2023-11-01,2023-12-01
FBP,Small Cap Extended,2024-01-01,2024-04-01
FBP,Small Cap Extended,2024-09-01,2024-11-01
FBP,Small Cap Extended,2025-05-01,2025-07-01
FBR,Small Cap Extended,2018-09-01,2019-02-01
FCAU,Mid Cap Extended,2018-09-01,2021-03-01
FCEL,Mid Cap Extended,2019-12-01,2023-12-01
FCEL,Mid Cap Extended,2024-01-01,2024-04-01
FCEL,Mid Cap Extended,2024-05-01,2024-11-01
FCEL,Mid Cap Extended,2025-12-01,2026-02-01
FDC,Mid Cap Extended,2018-09-01,2019-09-01
FDMT,Small Cap Extended,2024-03-01,2024-06-01
FERG,Mid Cap Extended,2022-05-01,2026-02-01
FETH,Small Cap Extended,2024-10-01,2024-11-01
FETH,Small Cap Extended,2024-12-01,2026-02-01
FEYE,Mid Cap Extended,2018-09-01,2021-11-01
FGEN,Small Cap Extended,2018-09-01,2021-11-01
FGEN,Small Cap Extended,2023-02-01,2023-09-01
FHB,Small Cap Extended,2018-09-01,2021-01-01
FHB,Small Cap Extended,2023-05-01,2023-07-01
FHB,Small Cap Extended,2023-08-01,2023-09-01
FHI,Small Cap Extended,2020-03-01,2020-07-01
FHI,Small Cap Extended,2021-07-01,2021-09-01
FHI,Small Cap Extended,2022-03-01,2022-04-01
FHI,Small Cap Extended,2022-07-01,2025-12-01
FHN,Mid Cap Extended,2018-09-01,2026-02-01
FIBK,Small Cap Extended,2022-03-01,2023-10-01
FIBK,Small Cap Extended,2024-04-01,2024-06-01
FIBK,Small Cap Extended,2025-06-01,2025-09-01
FIBK,Small Cap Extended,2025-12-01,2026-02-01
FIGR,Mid Cap Extended,2025-12-01,2026-02-01
FIGS,Small Cap Extended,2021-08-01,2024-04-01
FIGS,Small Cap Extended,2024-05-01,2024-06-01
FIGS,Small Cap Extended,2024-08-01,2024-11-01
FIT,Mid Cap Extended,2018-09-01,2018-11-01
FIT,Mid Cap Extended,2018-12-01,2019-01-01
FIT,Mid Cap Extended,2019-02-01,2019-06-01
FIT,Mid Cap Extended,2019-11-01,2021-02-01
FIVE,Mid Cap Extended,2018-09-01,2026-02-01
FIVN,Mid Cap Extended,2018-09-01,2026-02-01
FLDM,Small Cap Extended,2019-08-01,2019-09-01
FLDM,Small Cap Extended,2020-08-01,2021-01-01
FLG,Mid Cap Extended,2024-12-01,2026-02-01
FLGC,Small Cap Extended,2021-09-01,2021-12-01
FLNC,Small Cap Extended,2022-01-01,2022-05-01
FLNC,Small Cap Extended,2022-10-01,2022-12-01
FLNC,Small Cap Extended,2023-02-01,2025-04-01
FLNC,Small Cap Extended,2025-07-01,2026-02-01
FLO,Small Cap Extended,2018-09-01,2021-01-01
FLO,Small Cap Extended,2021-07-01,2026-02-01
FLUT,Mid Cap Extended,2024-04-01,2026-02-01
FLWS,Small Cap Extended,2020-07-01,2021-05-01
FLWS,Small Cap Extended,2021-06-01,2021-07-01
FLYW,Small Cap Extended,2021-12-01,2022-04-01
FLYW,Small Cap Extended,2022-06-01,2024-11-01
FLYW,Small Cap Extended,2024-12-01,2025-11-01
FMCI,Small Cap Extended,2020-07-01,2020-12-01
FMX,Small Cap Extended,2018-09-01,2021-05-01
FMX,Small Cap Extended,2021-06-01,2026-02-01
FNB,Small Cap Extended,2018-09-01,2020-09-01
FNB,Small Cap Extended,2020-10-01,2021-01-01
FNB,Small Cap Extended,2021-06-01,2021-07-01
FNB,Small Cap Extended,2021-08-01,2026-02-01
FND,Mid Cap Extended,2018-09-01,2026-02-01
FNF,Mid Cap Extended,2018-09-01,2026-02-01
FNGR,Small Cap Extended,2022-11-01,2022-12-01
FNKO,Small Cap Extended,2018-10-01,2019-01-01
FNKO,Small Cap Extended,2019-05-01,2020-04-01
FNKO,Small Cap Extended,2021-04-01,2021-08-01
FNKO,Small Cap Extended,2022-09-01,2022-11-01
FNSR,Mid Cap Extended,2018-09-01,2019-11-01
FNV,Mid Cap Extended,2018-09-01,2026-02-01
FOCS,Small Cap Extended,2018-10-01,2019-01-01
FOCS,Small Cap Extended,2020-10-01,2020-11-01
FOCS,Small Cap Extended,2021-06-01,2021-10-01
FOCS,Small Cap Extended,2021-12-01,2022-04-01
FOCS,Small Cap Extended,2023-03-01,2023-10-01
FOE,Small Cap Extended,2018-12-01,2019-03-01
FOE,Small Cap Extended,2019-04-01,2019-07-01
FOE,Small Cap Extended,2020-04-01,2020-05-01
FOE,Small Cap Extended,2021-07-01,2021-09-01
FOLD,Small Cap Extended,2018-09-01,2021-07-01
FOLD,Small Cap Extended,2021-10-01,2026-02-01
FORG,Small Cap Extended,2021-12-01,2022-01-01
FORG,Small Cap Extended,2022-11-01,2023-05-01
FORM,Small Cap Extended,2020-01-01,2021-03-01
FORM,Small Cap Extended,2023-12-01,2025-08-01
FORM,Small Cap Extended,2025-11-01,2026-02-01
FOUR,Mid Cap Extended,2020-08-01,2026-02-01
FOXO,Small Cap Extended,2024-12-01,2025-03-01
FPRX,Small Cap Extended,2020-12-01,2021-03-01
FPRX,Small Cap Extended,2021-04-01,2021-06-01
FR,Small Cap Extended,2018-09-01,2026-02-01
FRAC,Small Cap Extended,2018-09-01,2019-03-01
FRAN,Small Cap Extended,2019-10-01,2020-01-01
FREY,Small Cap Extended,2022-10-01,2023-07-01
FREY,Small Cap Extended,2023-08-01,2023-10-01
FRGE,Small Cap Extended,2022-06-01,2022-09-01
FRMI,Mid Cap Extended,2025-12-01,2026-02-01
FRO,Small Cap Extended,2020-04-01,2020-07-01
FRO,Small Cap Extended,2022-09-01,2026-02-01
FROG,Small Cap Extended,2020-12-01,2022-04-01
FROG,Small Cap Extended,2022-07-01,2022-10-01
FROG,Small Cap Extended,2023-03-01,2026-02-01
FRPT,Mid Cap Extended,2019-06-01,2026-02-01
FRSH,Small Cap Extended,2021-12-01,2026-02-01
FRX,Small Cap Extended,2021-04-01,2021-06-01
FSCT,Small Cap Extended,2018-09-01,2020-10-01
FSK,Small Cap Extended,2023-12-01,2024-07-01
FSK,Small Cap Extended,2024-11-01,2024-12-01
FSK,Small Cap Extended,2025-01-01,2025-02-01
FSK,Small Cap Extended,2025-03-01,2025-08-01
FSK,Small Cap Extended,2025-09-01,2026-02-01
FSLY,Mid Cap Extended,2019-08-01,2024-12-01
FSLY,Mid Cap Extended,2025-01-01,2025-05-01
FSLY,Mid Cap Extended,2025-12-01,2026-02-01
FSM,Small Cap Extended,2020-07-01,2021-05-01
FSM,Small Cap Extended,2021-06-01,2021-08-01
FSM,Small Cap Extended,2024-06-01,2024-07-01
FSM,Small Cap Extended,2025-02-01,2025-03-01
FSM,Small Cap Extended,2025-04-01,2026-02-01
FSR,Mid Cap Extended,2020-12-01,2023-11-01
FTAI,Mid Cap Extended,2023-01-01,2026-02-01
FTCH,Mid Cap Extended,2018-12-01,2023-01-01
FTCH,Mid Cap Extended,2023-02-01,2023-04-01
FTCH,Mid Cap Extended,2023-07-01,2023-09-01
FTDR,Small Cap Extended,2018-12-01,2019-03-01
FTDR,Small Cap Extended,2019-04-01,2021-03-01
FTDR,Small Cap Extended,2021-12-01,2026-02-01
FTOC,Small Cap Extended,2021-03-01,2021-06-01
FTRE,Small Cap Extended,2023-09-01,2025-03-01
FUBO,Small Cap Extended,2021-01-01,2024-06-01
FUBO,Small Cap Extended,2024-10-01,2024-12-01
FUBO,Small Cap Extended,2025-02-01,2026-02-01
FULC,Mid Cap Extended,2021-09-01,2021-12-01
FULT,Small Cap Extended,2018-11-01,2019-09-01
FULT,Small Cap Extended,2019-12-01,2020-03-01
FULT,Small Cap Extended,2020-04-01,2020-07-01
FULT,Small Cap Extended,2023-04-01,2023-10-01
FULT,Small Cap Extended,2024-05-01,2025-07-01
FULT,Small Cap Extended,2025-09-01,2025-11-01
FUN,Small Cap Extended,2018-10-01,2018-11-01
FUN,Small Cap Extended,2019-09-01,2021-02-01
FUN,Small Cap Extended,2022-03-01,2022-06-01
FUN,Small Cap Extended,2024-08-01,2026-02-01
FUTU,Mid Cap Extended,2020-08-01,2026-02-01
FUV,Small Cap Extended,2020-12-01,2021-06-01
FUV,Small Cap Extended,2021-09-01,2021-10-01
FVAC,Small Cap Extended,2020-09-01,2020-11-01
FVRR,Small Cap Extended,2019-09-01,2019-10-01
FVRR,Small Cap Extended,2020-05-01,2024-09-01
FVRR,Small Cap Extended,2025-02-01,2025-04-01
FWONK,Mid Cap Extended,2018-09-01,2026-02-01
FYBR,Mid Cap Extended,2021-07-01,2022-04-01
FYBR,Mid Cap Extended,2022-06-01,2026-02-01
G,Small Cap Extended,2018-09-01,2026-02-01
GAN,Small Cap Extended,2020-07-01,2020-12-01
GAN,Small Cap Extended,2021-01-01,2021-05-01
GAP,Mid Cap Extended,2024-10-01,2026-02-01
GBDC,Small Cap Extended,2024-09-01,2024-10-01
GBT,Mid Cap Extended,2018-09-01,2022-11-01
GCI,Small Cap Extended,2019-01-01,2019-07-01
GCI,Small Cap Extended,2019-09-01,2020-03-01
GCT,Small Cap Extended,2024-02-01,2025-03-01
GCT,Small Cap Extended,2025-10-01,2025-11-01
GDI,Mid Cap Extended,2018-09-01,2020-04-01
GDOT,Small Cap Extended,2018-09-01,2021-05-01
GDOT,Small Cap Extended,2021-06-01,2021-08-01
GDRX,Mid Cap Extended,2020-12-01,2022-08-01
GDRX,Mid Cap Extended,2022-09-01,2022-10-01
GDRX,Mid Cap Extended,2022-11-01,2022-12-01
GDS,Mid Cap Extended,2018-09-01,2023-08-01
GDS,Mid Cap Extended,2024-10-01,2026-02-01
GEL,Small Cap Extended,2020-03-01,2020-04-01
GEMI,Small Cap Extended,2025-12-01,2026-02-01
GENI,Small Cap Extended,2021-07-01,2022-01-01
GENI,Small Cap Extended,2024-10-01,2025-03-01
GENI,Small Cap Extended,2025-04-01,2026-02-01
GEO,Small Cap Extended,2018-09-01,2018-12-01
GEO,Small Cap Extended,2019-01-01,2019-02-01
GEO,Small Cap Extended,2019-04-01,2021-10-01
GEO,Small Cap Extended,2022-10-01,2023-07-01
GEO,Small Cap Extended,2023-11-01,2026-02-01
GERN,Small Cap Extended,2018-09-01,2018-10-01
GES,Small Cap Extended,2018-09-01,2020-04-01
GES,Small Cap Extended,2020-05-01,2020-06-01
GES,Small Cap Extended,2023-10-01,2024-03-01
GES,Small Cap Extended,2024-04-01,2024-10-01
GEVO,Mid Cap Extended,2021-02-01,2022-01-01
GFAI,Mid Cap Extended,2023-05-01,2023-09-01
GFI,Mid Cap Extended,2019-11-01,2019-12-01
GFI,Mid Cap Extended,2020-01-01,2020-03-01
GFI,Mid Cap Extended,2020-05-01,2026-02-01
GFL,Small Cap Extended,2020-05-01,2020-07-01
GFL,Small Cap Extended,2020-09-01,2021-03-01
GFL,Small Cap Extended,2021-05-01,2026-02-01
GFS,Mid Cap Extended,2022-01-01,2026-02-01
GG,Mid Cap Extended,2018-09-01,2019-06-01
GGAL,Small Cap Extended,2018-09-01,2020-04-01
GGAL,Small Cap Extended,2024-02-01,2024-03-01
GGAL,Small Cap Extended,2024-05-01,2026-02-01
GGB,Small Cap Extended,2023-08-01,2023-09-01
GGG,Small Cap Extended,2018-09-01,2026-02-01
GGPI,Small Cap Extended,2021-12-01,2022-08-01
GH,Mid Cap Extended,2018-12-01,2026-02-01
GHVI,Small Cap Extended,2021-04-01,2021-06-01
GIII,Small Cap Extended,2018-09-01,2020-10-01
GIII,Small Cap Extended,2023-01-01,2023-04-01
GIII,Small Cap Extended,2024-01-01,2024-06-01
GIK,Small Cap Extended,2021-01-01,2021-04-01
GIL,Small Cap Extended,2018-09-01,2020-08-01
GIL,Small Cap Extended,2022-06-01,2022-09-01
GIL,Small Cap Extended,2022-10-01,2022-11-01
GIL,Small Cap Extended,2023-06-01,2023-07-01
GIL,Small Cap Extended,2023-08-01,2023-09-01
GIL,Small Cap Extended,2023-12-01,2026-02-01
GKOS,Small Cap Extended,2018-09-01,2026-02-01
GLBE,Small Cap Extended,2021-08-01,2026-02-01
GLNG,Small Cap Extended,2018-09-01,2020-06-01
GLNG,Small Cap Extended,2020-11-01,2020-12-01
GLNG,Small Cap Extended,2022-04-01,2026-02-01
GLOB,Mid Cap Extended,2018-09-01,2018-12-01
GLOB,Mid Cap Extended,2019-02-01,2026-02-01
GLPI,Small Cap Extended,2018-09-01,2026-02-01
GLUU,Small Cap Extended,2018-09-01,2019-09-01
GLUU,Small Cap Extended,2019-11-01,2021-06-01
GLXY,Mid Cap Extended,2025-08-01,2026-02-01
GMAB,Small Cap Extended,2020-06-01,2021-01-01
GMAB,Small Cap Extended,2022-05-01,2023-07-01
GMAB,Small Cap Extended,2023-08-01,2024-04-01
GMAB,Small Cap Extended,2024-11-01,2026-02-01
GMBL,Small Cap Extended,2021-05-01,2021-06-01
GMED,Mid Cap Extended,2018-09-01,2026-02-01
GMHI,Small Cap Extended,2020-11-01,2021-01-01
GNK,Small Cap Extended,2022-07-01,2022-08-01
GNL,Small Cap Extended,2023-11-01,2024-01-01
GNLN,Small Cap Extended,2024-11-01,2024-12-01
GNOG,Small Cap Extended,2021-03-01,2021-06-01
GNOG,Small Cap Extended,2021-09-01,2021-12-01
GNPX,Small Cap Extended,2020-03-01,2020-06-01
GNPX,Small Cap Extended,2024-11-01,2025-02-01
GNS,Mid Cap Extended,2023-02-01,2023-06-01
GNTX,Small Cap Extended,2018-09-01,2026-02-01
GNUS,Small Cap Extended,2020-06-01,2021-07-01
GO,Small Cap Extended,2019-09-01,2026-02-01
GOEV,Small Cap Extended,2021-02-01,2022-04-01
GOEV,Small Cap Extended,2022-08-01,2022-12-01
GOEV,Small Cap Extended,2023-03-01,2023-06-01
GOEV,Small Cap Extended,2023-08-01,2023-11-01
GOEV,Small Cap Extended,2024-04-01,2024-07-01
GOGO,Small Cap Extended,2019-11-01,2020-01-01
GOGO,Small Cap Extended,2020-10-01,2021-05-01
GOGO,Small Cap Extended,2021-10-01,2022-01-01
GOGO,Small Cap Extended,2022-05-01,2022-08-01
GOGO,Small Cap Extended,2025-08-01,2025-09-01
GOL,Small Cap Extended,2019-05-01,2020-04-01
GOL,Small Cap Extended,2020-07-01,2020-10-01
GOOS,Small Cap Extended,2018-09-01,2022-09-01
GOOS,Small Cap Extended,2022-10-01,2023-09-01
GOOS,Small Cap Extended,2023-12-01,2024-04-01
GOSS,Small Cap Extended,2019-11-01,2020-02-01
GOSS,Small Cap Extended,2022-10-01,2022-11-01
GOTU,Small Cap Extended,2021-06-01,2021-08-01
GOTU,Small Cap Extended,2024-03-01,2024-07-01
GOV,Small Cap Extended,2018-09-01,2019-02-01
GOVX,Small Cap Extended,2022-08-01,2022-11-01
GOVX,Small Cap Extended,2024-09-01,2024-12-01
GPCR,Small Cap Extended,2023-10-01,2025-04-01
GPCR,Small Cap Extended,2025-12-01,2026-02-01
GPK,Mid Cap Extended,2018-09-01,2026-02-01
GPRE,Small Cap Extended,2018-09-01,2018-10-01
GPRE,Small Cap Extended,2018-11-01,2018-12-01
GPRE,Small Cap Extended,2019-01-01,2019-02-01
GPRE,Small Cap Extended,2021-05-01,2024-08-01
GPRO,Small Cap Extended,2018-09-01,2019-01-01
GPRO,Small Cap Extended,2019-03-01,2019-09-01
GPRO,Small Cap Extended,2019-10-01,2019-11-01
GPRO,Small Cap Extended,2020-11-01,2021-10-01
GPRO,Small Cap Extended,2021-12-01,2022-06-01
GPUS,Small Cap Extended,2025-06-01,2025-07-01
GRA,Small Cap Extended,2018-09-01,2021-03-01
GRA,Small Cap Extended,2021-05-01,2021-11-01
GRAB,Mid Cap Extended,2022-01-01,2022-04-01
GRAB,Mid Cap Extended,2025-07-01,2025-08-01
GRAB,Mid Cap Extended,2025-10-01,2026-01-01
GRAL,Small Cap Extended,2024-09-01,2024-10-01
GRAL,Small Cap Extended,2025-03-01,2026-02-01
GREE,Mid Cap Extended,2021-12-01,2022-02-01
GRFS,Small Cap Extended,2018-09-01,2021-01-01
GRFS,Small Cap Extended,2024-02-01,2024-05-01
GRND,Small Cap Extended,2025-04-01,2026-02-01
GROM,Small Cap Extended,2021-11-01,2022-01-01
GRPN,Small Cap Extended,2018-09-01,2022-01-01
GRPN,Small Cap Extended,2022-02-01,2022-06-01
GRPN,Small Cap Extended,2023-11-01,2024-01-01
GRPN,Small Cap Extended,2024-06-01,2024-07-01
GRPN,Small Cap Extended,2024-08-01,2024-09-01
GRPN,Small Cap Extended,2025-05-01,2025-12-01
GRRR,Small Cap Extended,2023-08-01,2023-11-01
GRRR,Small Cap Extended,2025-02-01,2025-12-01
GRTS,Mid Cap Extended,2021-02-01,2021-05-01
GRUB,Small Cap Extended,2021-09-01,2022-04-01
GRWG,Mid Cap Extended,2020-09-01,2022-03-01
GSAH,Small Cap Extended,2020-02-01,2020-03-01
GSAH,Small Cap Extended,2021-03-01,2021-06-01
GSAT,Small Cap Extended,2021-03-01,2021-06-01
GSAT,Small Cap Extended,2021-07-01,2022-01-01
GSAT,Small Cap Extended,2022-11-01,2023-01-01
GSAT,Small Cap Extended,2024-12-01,2025-05-01
GSAT,Small Cap Extended,2025-10-01,2026-02-01
GSK,Mid Cap Extended,2018-09-01,2026-02-01
GSKY,Small Cap Extended,2018-09-01,2019-10-01
GSKY,Small Cap Extended,2021-11-01,2022-01-01
GSKY,Small Cap Extended,2022-03-01,2022-04-01
GSL,Small Cap Extended,2022-05-01,2022-07-01
GSM,Small Cap Extended,2021-11-01,2022-01-01
GSX,Mid Cap Extended,2019-09-01,2021-06-01
GSX,Mid Cap Extended,2025-10-01,2026-01-01
GTES,Small Cap Extended,2023-06-01,2026-02-01
GTHX,Small Cap Extended,2018-09-01,2019-03-01
GTHX,Small Cap Extended,2019-08-01,2019-12-01
GTHX,Small Cap Extended,2021-01-01,2021-06-01
GTLB,Mid Cap Extended,2022-01-01,2026-02-01
GTLS,Mid Cap Extended,2018-09-01,2026-02-01
GTM,Small Cap Extended,2025-06-01,2026-02-01
GTN,Small Cap Extended,2018-09-01,2018-10-01
GTN,Small Cap Extended,2019-01-01,2019-12-01
GTN,Small Cap Extended,2020-04-01,2020-06-01
GTT,Small Cap Extended,2018-09-01,2019-10-01
GTX,Small Cap Extended,2025-07-01,2026-02-01
GVA,Small Cap Extended,2018-09-01,2020-06-01
GVA,Small Cap Extended,2023-07-01,2023-09-01
GVA,Small Cap Extended,2024-02-01,2024-03-01
GVA,Small Cap Extended,2024-04-01,2026-02-01
GWAV,Small Cap Extended,2024-07-01,2024-08-01
GWH,Small Cap Extended,2021-11-01,2022-02-01
GWPH,Mid Cap Extended,2018-09-01,2021-06-01
GWR,Mid Cap Extended,2018-09-01,2020-02-01
GWRE,Mid Cap Extended,2018-09-01,2026-02-01
GXO,Small Cap Extended,2021-10-01,2026-02-01
H,Mid Cap Extended,2018-09-01,2026-02-01
HA,Small Cap Extended,2018-09-01,2020-10-01
HA,Small Cap Extended,2020-11-01,2021-03-01
HA,Small Cap Extended,2021-07-01,2021-10-01
HA,Small Cap Extended,2021-11-01,2021-12-01
HA,Small Cap Extended,2024-01-01,2024-04-01
HA,Small Cap Extended,2024-09-01,2024-11-01
HAE,Small Cap Extended,2018-09-01,2026-02-01
HAIN,Small Cap Extended,2018-09-01,2021-04-01
HAIN,Small Cap Extended,2021-05-01,2023-06-01
HALO,Small Cap Extended,2018-09-01,2026-02-01
HASI,Small Cap Extended,2020-04-01,2021-09-01
HASI,Small Cap Extended,2022-02-01,2023-02-01
HASI,Small Cap Extended,2023-06-01,2026-02-01
HAYW,Small Cap Extended,2022-01-01,2022-04-01
HAYW,Small Cap Extended,2022-06-01,2022-11-01
HAYW,Small Cap Extended,2023-02-01,2024-06-01
HAYW,Small Cap Extended,2024-09-01,2026-01-01
HBM,Small Cap Extended,2024-06-01,2026-02-01
HCAC,Small Cap Extended,2020-11-01,2020-12-01
HCAT,Small Cap Extended,2019-10-01,2019-12-01
HCAT,Small Cap Extended,2020-04-01,2021-01-01
HCAT,Small Cap Extended,2021-07-01,2021-08-01
HCAT,Small Cap Extended,2021-11-01,2021-12-01
HCC,Small Cap Extended,2018-09-01,2020-07-01
HCC,Small Cap Extended,2022-04-01,2026-02-01
HCSG,Small Cap Extended,2018-09-01,2020-11-01
HCSG,Small Cap Extended,2021-10-01,2022-01-01
HCSG,Small Cap Extended,2022-05-01,2022-06-01
HCSG,Small Cap Extended,2023-05-01,2023-06-01
HDB,Mid Cap Extended,2018-09-01,2026-02-01
HDP,Small Cap Extended,2018-09-01,2019-02-01
HDS,Mid Cap Extended,2018-09-01,2021-02-01
HE,Small Cap Extended,2018-09-01,2020-09-01
HE,Small Cap Extended,2021-06-01,2021-07-01
HE,Small Cap Extended,2023-09-01,2025-07-01
HEAR,Small Cap Extended,2018-09-01,2019-07-01
HEI,Mid Cap Extended,2018-09-01,2026-02-01
HESM,Small Cap Extended,2023-10-01,2026-02-01
HEXO,Small Cap Extended,2019-04-01,2020-02-01
HEXO,Small Cap Extended,2021-02-01,2021-06-01
HEXO,Small Cap Extended,2021-07-01,2021-09-01
HGEN,Small Cap Extended,2021-04-01,2021-08-01
HGV,Small Cap Extended,2018-09-01,2021-02-01
HGV,Small Cap Extended,2021-04-01,2026-02-01
HIBB,Small Cap Extended,2018-09-01,2019-03-01
HIBB,Small Cap Extended,2019-05-01,2020-03-01
HIBB,Small Cap Extended,2020-10-01,2021-03-01
HIBB,Small Cap Extended,2021-05-01,2022-07-01
HIBB,Small Cap Extended,2022-11-01,2023-07-01
HIBB,Small Cap Extended,2024-05-01,2024-09-01
HIIQ,Small Cap Extended,2018-09-01,2020-04-01
HIMS,Mid Cap Extended,2021-03-01,2021-07-01
HIMS,Mid Cap Extended,2023-04-01,2026-02-01
HIMX,Small Cap Extended,2021-03-01,2021-12-01
HIMX,Small Cap Extended,2022-01-01,2022-06-01
HIMX,Small Cap Extended,2025-02-01,2025-06-01
HIVE,Small Cap Extended,2021-12-01,2022-03-01
HIVE,Small Cap Extended,2025-11-01,2025-12-01
HIW,Small Cap Extended,2018-09-01,2021-04-01
HIW,Small Cap Extended,2021-10-01,2021-11-01
HIW,Small Cap Extended,2022-01-01,2023-02-01
HIW,Small Cap Extended,2023-03-01,2025-12-01
HKD,Mid Cap Extended,2022-10-01,2023-01-01
HKD,Mid Cap Extended,2023-02-01,2023-05-01
HL,Mid Cap Extended,2020-08-01,2020-10-01
HL,Mid Cap Extended,2021-01-01,2022-02-01
HL,Mid Cap Extended,2022-03-01,2022-06-01
HL,Mid Cap Extended,2022-12-01,2023-09-01
HL,Mid Cap Extended,2024-06-01,2024-07-01
HL,Mid Cap Extended,2024-08-01,2025-01-01
HL,Mid Cap Extended,2025-02-01,2026-02-01
HLBZ,Mid Cap Extended,2021-11-01,2022-01-01
HLF,Small Cap Extended,2018-09-01,2024-10-01
HLI,Small Cap Extended,2018-09-01,2018-10-01
HLI,Small Cap Extended,2019-08-01,2020-01-01
HLI,Small Cap Extended,2020-03-01,2021-02-01
HLI,Small Cap Extended,2021-07-01,2026-02-01
HLIT,Small Cap Extended,2022-11-01,2024-07-01
HLN,Small Cap Extended,2022-10-01,2026-02-01
HLX,Small Cap Extended,2018-09-01,2018-10-01
HLX,Small Cap Extended,2018-11-01,2019-02-01
HLX,Small Cap Extended,2023-10-01,2024-04-01
HLX,Small Cap Extended,2024-07-01,2024-10-01
HLX,Small Cap Extended,2024-11-01,2024-12-01
HMC,Small Cap Extended,2018-09-01,2020-12-01
HMC,Small Cap Extended,2021-06-01,2021-09-01
HMC,Small Cap Extended,2022-01-01,2025-11-01
HMHC,Mid Cap Extended,2022-03-01,2022-05-01
HMSY,Small Cap Extended,2018-09-01,2021-05-01
HMY,Small Cap Extended,2020-08-01,2020-10-01
HMY,Small Cap Extended,2023-12-01,2026-02-01
HNGE,Small Cap Extended,2025-08-01,2026-02-01
HNST,Small Cap Extended,2021-07-01,2021-09-01
HNST,Small Cap Extended,2025-02-01,2025-03-01
HOL,Small Cap Extended,2021-03-01,2021-06-01
HOLO,Small Cap Extended,2024-03-01,2024-12-01
HOLO,Small Cap Extended,2025-01-01,2025-07-01
HOMB,Small Cap Extended,2018-09-01,2018-10-01
HOMB,Small Cap Extended,2018-11-01,2019-07-01
HOMB,Small Cap Extended,2020-04-01,2020-08-01
HOMB,Small Cap Extended,2022-07-01,2023-03-01
HOMB,Small Cap Extended,2023-04-01,2025-11-01
HOME,Small Cap Extended,2018-09-01,2020-03-01
HOME,Small Cap Extended,2020-07-01,2021-09-01
HOUS,Small Cap Extended,2025-12-01,2026-01-01
HPP,Small Cap Extended,2018-09-01,2021-10-01
HPP,Small Cap Extended,2022-01-01,2024-05-01
HPT,Small Cap Extended,2018-09-01,2019-11-01
HQY,Mid Cap Extended,2018-09-01,2026-02-01
HR,Small Cap Extended,2018-09-01,2021-03-01
HR,Small Cap Extended,2021-09-01,2026-02-01
HRC,Mid Cap Extended,2018-09-01,2022-01-01
HRMY,Small Cap Extended,2022-06-01,2023-09-01
HRMY,Small Cap Extended,2023-10-01,2024-02-01
HRMY,Small Cap Extended,2024-11-01,2025-03-01
HRMY,Small Cap Extended,2025-04-01,2025-07-01
HRTX,Small Cap Extended,2018-09-01,2020-11-01
HRTX,Small Cap Extended,2021-07-01,2021-09-01
HSAI,Small Cap Extended,2025-01-01,2026-02-01
HSBC,Mid Cap Extended,2018-09-01,2026-02-01
HSC,Small Cap Extended,2018-11-01,2020-05-01
HTBX,Mid Cap Extended,2020-08-01,2020-12-01
HTGC,Small Cap Extended,2023-06-01,2023-07-01
HTGC,Small Cap Extended,2025-06-01,2025-07-01
HTHT,Mid Cap Extended,2018-09-01,2026-02-01
HTZ,Mid Cap Extended,2022-02-01,2024-05-01
HTZ,Mid Cap Extended,2025-05-01,2026-02-01
HUBS,Mid Cap Extended,2018-09-01,2026-02-01
HUMA,Small Cap Extended,2024-08-01,2024-11-01
HUMA,Small Cap Extended,2025-01-01,2025-02-01
HUN,Small Cap Extended,2018-09-01,2026-02-01
HUSA,Small Cap Extended,2022-04-01,2022-10-01
HUT,Mid Cap Extended,2021-10-01,2022-12-01
HUT,Mid Cap Extended,2023-04-01,2026-02-01
HUYA,Small Cap Extended,2018-09-01,2021-06-01
HWC,Small Cap Extended,2018-09-01,2020-08-01
HWC,Small Cap Extended,2022-04-01,2022-08-01
HWC,Small Cap Extended,2022-10-01,2026-02-01
HXL,Small Cap Extended,2018-09-01,2026-02-01
HYFM,Small Cap Extended,2021-03-01,2022-01-01
HYLN,Mid Cap Extended,2020-11-01,2021-10-01
HYMC,Mid Cap Extended,2022-04-01,2022-08-01
HYPD,Small Cap Extended,2025-08-01,2025-10-01
HYZN,Small Cap Extended,2021-12-01,2022-01-01
HZNP,Mid Cap Extended,2018-09-01,2023-11-01
I,Mid Cap Extended,2018-09-01,2020-02-01
IAA,Mid Cap Extended,2019-09-01,2023-05-01
IAC,Mid Cap Extended,2018-09-01,2026-02-01
IAG,Mid Cap Extended,2024-10-01,2026-02-01
IART,Small Cap Extended,2018-09-01,2021-04-01
IART,Small Cap Extended,2021-05-01,2024-11-01
IAS,Small Cap Extended,2023-08-01,2023-10-01
IAS,Small Cap Extended,2024-03-01,2024-08-01
IAS,Small Cap Extended,2025-11-01,2026-02-01
IBDP,Small Cap Extended,2024-02-01,2024-03-01
IBDP,Small Cap Extended,2024-11-01,2025-02-01
IBIO,Small Cap Extended,2020-03-01,2021-01-01
IBIO,Small Cap Extended,2021-03-01,2021-04-01
IBN,Mid Cap Extended,2018-09-01,2026-02-01
IBRX,Small Cap Extended,2021-04-01,2021-07-01
IBRX,Small Cap Extended,2024-01-01,2024-02-01
IBRX,Small Cap Extended,2024-05-01,2024-09-01
IBRX,Small Cap Extended,2024-11-01,2025-01-01
IBTE,Small Cap Extended,2022-12-01,2023-03-01
IBTE,Small Cap Extended,2023-10-01,2024-04-01
IBTE,Small Cap Extended,2024-10-01,2025-01-01
ICLR,Mid Cap Extended,2018-09-01,2026-02-01
ICPT,Mid Cap Extended,2018-09-01,2021-05-01
ICPT,Mid Cap Extended,2023-07-01,2023-08-01
ICPT,Mid Cap Extended,2023-10-01,2023-12-01
IDEX,Mid Cap Extended,2020-07-01,2020-11-01
IDEX,Mid Cap Extended,2020-12-01,2021-10-01
IDTI,Mid Cap Extended,2018-09-01,2019-05-01
IDYA,Small Cap Extended,2023-07-01,2023-08-01
IDYA,Small Cap Extended,2023-11-01,2025-03-01
IDYA,Small Cap Extended,2025-06-01,2025-09-01
IDYA,Small Cap Extended,2025-10-01,2026-02-01
IEP,Small Cap Extended,2023-06-01,2023-11-01
IGT,Small Cap Extended,2018-09-01,2024-11-01
IGT,Small Cap Extended,2025-03-01,2025-08-01
IHRT,Small Cap Extended,2021-07-01,2022-02-01
IIPR,Small Cap Extended,2019-03-01,2021-07-01
IIPR,Small Cap Extended,2021-08-01,2023-05-01
IIPR,Small Cap Extended,2025-01-01,2025-03-01
IIVI,Mid Cap Extended,2018-09-01,2022-10-01
ILPT,Small Cap Extended,2020-01-01,2020-04-01
IMAB,Small Cap Extended,2021-06-01,2022-04-01
IMAX,Small Cap Extended,2018-09-01,2019-02-01
IMAX,Small Cap Extended,2020-04-01,2020-07-01
IMAX,Small Cap Extended,2025-05-01,2026-02-01
IMGN,Small Cap Extended,2018-09-01,2019-01-01
IMGN,Small Cap Extended,2019-02-01,2019-03-01
IMGN,Small Cap Extended,2022-01-01,2022-04-01
IMGN,Small Cap Extended,2022-11-01,2023-01-01
IMGN,Small Cap Extended,2023-06-01,2024-03-01
IMMU,Mid Cap Extended,2018-09-01,2020-12-01
IMO,Small Cap Extended,2022-05-01,2026-02-01
IMPP,Mid Cap Extended,2022-04-01,2022-10-01
IMPV,Mid Cap Extended,2018-09-01,2019-02-01
IMUX,Small Cap Extended,2022-11-01,2023-02-01
IMVT,Small Cap Extended,2020-10-01,2021-06-01
IMVT,Small Cap Extended,2023-01-01,2023-05-01
IMVT,Small Cap Extended,2023-06-01,2025-08-01
IMVT,Small Cap Extended,2025-12-01,2026-02-01
INDI,Small Cap Extended,2023-04-01,2023-11-01
INDI,Small Cap Extended,2023-12-01,2024-01-01
INDI,Small Cap Extended,2024-02-01,2024-03-01
INDI,Small Cap Extended,2024-05-01,2024-06-01
INDI,Small Cap Extended,2024-07-01,2024-08-01
INDV,Small Cap Extended,2025-08-01,2026-02-01
INFA,Small Cap Extended,2022-01-01,2022-03-01
INFA,Small Cap Extended,2024-02-01,2026-01-01
INFN,Small Cap Extended,2018-09-01,2018-12-01
INFN,Small Cap Extended,2019-03-01,2019-04-01
INFN,Small Cap Extended,2019-10-01,2020-06-01
INFN,Small Cap Extended,2020-07-01,2020-12-01
INFN,Small Cap Extended,2021-01-01,2021-04-01
INFN,Small Cap Extended,2023-04-01,2023-06-01
INFN,Small Cap Extended,2024-06-01,2025-01-01
INFY,Mid Cap Extended,2018-09-01,2026-02-01
ING,Small Cap Extended,2018-09-01,2020-04-01
ING,Small Cap Extended,2020-09-01,2020-11-01
ING,Small Cap Extended,2020-12-01,2021-03-01
ING,Small Cap Extended,2021-04-01,2026-02-01
INGR,Small Cap Extended,2018-09-01,2026-02-01
INMD,Mid Cap Extended,2019-11-01,2024-11-01
INMD,Mid Cap Extended,2025-05-01,2025-07-01
INO,Mid Cap Extended,2020-02-01,2022-04-01
INSG,Small Cap Extended,2020-02-01,2021-07-01
INSM,Small Cap Extended,2018-09-01,2021-09-01
INSM,Small Cap Extended,2021-11-01,2022-02-01
INSM,Small Cap Extended,2022-03-01,2026-02-01
INSP,Mid Cap Extended,2019-02-01,2026-02-01
INSW,Small Cap Extended,2023-04-01,2023-07-01
INSW,Small Cap Extended,2023-09-01,2025-07-01
INTA,Small Cap Extended,2023-06-01,2023-10-01
INTA,Small Cap Extended,2023-11-01,2025-12-01
INVA,Small Cap Extended,2018-12-01,2019-09-01
INVA,Small Cap Extended,2020-04-01,2020-05-01
INVA,Small Cap Extended,2022-05-01,2022-07-01
INXN,Mid Cap Extended,2018-09-01,2020-04-01
IONQ,Mid Cap Extended,2021-11-01,2022-07-01
IONQ,Mid Cap Extended,2022-08-01,2022-12-01
IONQ,Mid Cap Extended,2023-05-01,2026-02-01
IONS,Mid Cap Extended,2018-09-01,2026-02-01
IOT,Mid Cap Extended,2022-03-01,2022-06-01
IOT,Mid Cap Extended,2022-08-01,2022-12-01
IOT,Mid Cap Extended,2023-03-01,2026-02-01
IOTS,Small Cap Extended,2020-04-01,2020-06-01
IOVA,Small Cap Extended,2018-09-01,2019-04-01
IOVA,Small Cap Extended,2019-05-01,2023-10-01
IOVA,Small Cap Extended,2023-12-01,2025-03-01
IPHI,Mid Cap Extended,2018-09-01,2021-06-01
IPOB,Mid Cap Extended,2020-10-01,2021-02-01
IPOC,Small Cap Extended,2020-11-01,2021-02-01
IPOE,Mid Cap Extended,2021-02-01,2021-07-01
IPOF,Small Cap Extended,2021-02-01,2021-07-01
IPOF,Small Cap Extended,2022-05-01,2022-12-01
IPV,Small Cap Extended,2021-03-01,2021-04-01
IQ,Mid Cap Extended,2018-09-01,2022-01-01
IQ,Mid Cap Extended,2023-01-01,2023-06-01
IQ,Mid Cap Extended,2023-07-01,2023-10-01
IRBT,Mid Cap Extended,2018-09-01,2023-10-01
IRBT,Mid Cap Extended,2023-12-01,2024-07-01
IRDM,Small Cap Extended,2018-09-01,2026-02-01
IREN,Mid Cap Extended,2024-01-01,2024-02-01
IREN,Mid Cap Extended,2024-03-01,2024-05-01
IREN,Mid Cap Extended,2024-06-01,2026-02-01
IRNT,Mid Cap Extended,2021-11-01,2022-01-01
IRT,Small Cap Extended,2022-01-01,2026-02-01
IRTC,Small Cap Extended,2018-09-01,2026-02-01
IRWD,Small Cap Extended,2018-09-01,2021-02-01
IRWD,Small Cap Extended,2021-08-01,2024-08-01
IS,Small Cap Extended,2022-02-01,2022-03-01
ISBC,Small Cap Extended,2018-09-01,2020-08-01
ISBC,Small Cap Extended,2021-03-01,2021-12-01
ISBC,Small Cap Extended,2022-01-01,2022-05-01
ISEE,Mid Cap Extended,2021-10-01,2022-01-01
ISEE,Mid Cap Extended,2022-03-01,2023-08-01
ITCI,Small Cap Extended,2019-09-01,2019-11-01
ITCI,Small Cap Extended,2020-01-01,2021-03-01
ITCI,Small Cap Extended,2022-01-01,2025-05-01
ITRM,Small Cap Extended,2021-03-01,2021-06-01
ITT,Small Cap Extended,2018-09-01,2026-02-01
ITUB,Mid Cap Extended,2018-11-01,2019-09-01
ITUB,Mid Cap Extended,2019-10-01,2019-12-01
ITUB,Mid Cap Extended,2020-01-01,2020-02-01
ITUB,Mid Cap Extended,2025-04-01,2026-02-01
IVP,Small Cap Extended,2024-08-01,2024-11-01
IVR,Small Cap Extended,2020-07-01,2020-10-01
IVR,Small Cap Extended,2021-07-01,2021-10-01
IZEA,Small Cap Extended,2020-08-01,2020-09-01
JACK,Small Cap Extended,2018-09-01,2025-07-01
JAG,Small Cap Extended,2018-09-01,2020-02-01
JAGX,Mid Cap Extended,2021-01-01,2021-05-01
JAMF,Small Cap Extended,2020-09-01,2021-03-01
JAMF,Small Cap Extended,2021-11-01,2022-04-01
JAMF,Small Cap Extended,2025-12-01,2026-02-01
JAZZ,Mid Cap Extended,2018-09-01,2026-02-01
JBGS,Small Cap Extended,2018-09-01,2020-09-01
JBGS,Small Cap Extended,2020-11-01,2021-01-01
JBGS,Small Cap Extended,2022-07-01,2023-03-01
JBGS,Small Cap Extended,2023-04-01,2024-04-01
JBGS,Small Cap Extended,2025-07-01,2025-08-01
JBI,Small Cap Extended,2023-10-01,2023-12-01
JBI,Small Cap Extended,2024-02-01,2024-12-01
JBLU,Mid Cap Extended,2018-09-01,2023-10-01
JBLU,Mid Cap Extended,2024-01-01,2025-04-01
JBLU,Mid Cap Extended,2025-06-01,2025-07-01
JBLU,Mid Cap Extended,2025-09-01,2025-10-01
JBS,Mid Cap Extended,2025-09-01,2026-02-01
JBTM,Small Cap Extended,2025-02-01,2026-02-01
JCOM,Mid Cap Extended,2018-09-01,2021-11-01
JD,Mid Cap Extended,2018-09-01,2026-02-01
JE,Small Cap Extended,2020-11-01,2020-12-01
JELD,Small Cap Extended,2018-09-01,2019-06-01
JELD,Small Cap Extended,2020-01-01,2020-06-01
JELD,Small Cap Extended,2021-06-01,2021-07-01
JELD,Small Cap Extended,2021-08-01,2021-09-01
JELD,Small Cap Extended,2022-07-01,2022-09-01
JHG,Small Cap Extended,2018-09-01,2026-02-01
JKS,Small Cap Extended,2019-04-01,2020-07-01
JKS,Small Cap Extended,2020-08-01,2024-07-01
JKS,Small Cap Extended,2024-11-01,2025-03-01
JMIA,Mid Cap Extended,2019-07-01,2019-12-01
JMIA,Mid Cap Extended,2020-02-01,2020-03-01
JMIA,Mid Cap Extended,2020-08-01,2022-11-01
JMIA,Mid Cap Extended,2024-06-01,2024-09-01
JMIA,Mid Cap Extended,2024-10-01,2024-11-01
JMIA,Mid Cap Extended,2025-10-01,2026-02-01
JOBY,Small Cap Extended,2021-10-01,2022-01-01
JOBY,Small Cap Extended,2022-03-01,2022-07-01
JOBY,Small Cap Extended,2022-08-01,2022-10-01
JOBY,Small Cap Extended,2023-07-01,2024-06-01
JOBY,Small Cap Extended,2024-07-01,2024-09-01
JOBY,Small Cap Extended,2024-10-01,2024-11-01
JOBY,Small Cap Extended,2024-12-01,2026-02-01
JWS,Small Cap Extended,2021-01-01,2021-03-01
JXN,Small Cap Extended,2021-12-01,2026-02-01
KALA,Mid Cap Extended,2023-01-01,2023-05-01
KAR,Small Cap Extended,2018-09-01,2022-08-01
KBH,Mid Cap Extended,2018-09-01,2026-02-01
KBR,Mid Cap Extended,2018-09-01,2026-02-01
KC,Small Cap Extended,2020-08-01,2022-05-01
KC,Small Cap Extended,2023-07-01,2023-08-01
KC,Small Cap Extended,2025-01-01,2025-11-01
KD,Small Cap Extended,2022-01-01,2026-02-01
KDMN,Mid Cap Extended,2021-10-01,2021-12-01
KEX,Small Cap Extended,2018-09-01,2021-04-01
KEX,Small Cap Extended,2021-06-01,2021-12-01
KEX,Small Cap Extended,2022-02-01,2026-02-01
KGC,Mid Cap Extended,2020-05-01,2021-10-01
KGC,Mid Cap Extended,2021-11-01,2022-03-01
KGC,Mid Cap Extended,2022-04-01,2022-05-01
KGC,Mid Cap Extended,2023-11-01,2024-03-01
KGC,Mid Cap Extended,2024-04-01,2026-02-01
KGS,Small Cap Extended,2024-12-01,2026-02-01
KIDZ,Small Cap Extended,2025-07-01,2025-09-01
KIRK,Small Cap Extended,2020-10-01,2020-12-01
KITT,Small Cap Extended,2025-03-01,2025-05-01
KL,Mid Cap Extended,2018-09-01,2022-03-01
KLAR,Mid Cap Extended,2025-12-01,2026-02-01
KLG,Small Cap Extended,2023-12-01,2024-02-01
KLG,Small Cap Extended,2024-05-01,2024-09-01
KLG,Small Cap Extended,2025-08-01,2025-11-01
KLIC,Small Cap Extended,2018-09-01,2018-11-01
KLIC,Small Cap Extended,2018-12-01,2019-03-01
KLIC,Small Cap Extended,2021-03-01,2025-04-01
KLIC,Small Cap Extended,2025-05-01,2025-06-01
KMPH,Small Cap Extended,2021-04-01,2021-07-01
KMT,Small Cap Extended,2018-09-01,2021-01-01
KMT,Small Cap Extended,2022-05-01,2022-09-01
KMT,Small Cap Extended,2022-12-01,2023-02-01
KMT,Small Cap Extended,2023-04-01,2024-02-01
KMT,Small Cap Extended,2024-12-01,2025-03-01
KMT,Small Cap Extended,2025-09-01,2025-10-01
KN,Small Cap Extended,2018-09-01,2020-07-01
KN,Small Cap Extended,2022-03-01,2022-05-01
KNBE,Small Cap Extended,2022-02-01,2022-03-01
KNBE,Small Cap Extended,2022-07-01,2023-03-01
KNDI,Mid Cap Extended,2019-04-01,2019-06-01
KNDI,Mid Cap Extended,2020-08-01,2021-05-01
KNF,Small Cap Extended,2023-08-01,2026-02-01
KNTK,Small Cap Extended,2024-05-01,2024-07-01
KNTK,Small Cap Extended,2024-11-01,2026-02-01
KNX,Mid Cap Extended,2018-09-01,2026-02-01
KOD,Small Cap Extended,2020-01-01,2020-10-01
KOD,Small Cap Extended,2020-11-01,2021-11-01
KOD,Small Cap Extended,2022-01-01,2022-06-01
KODK,Mid Cap Extended,2020-08-01,2021-10-01
KOPN,Small Cap Extended,2021-03-01,2021-08-01
KOS,Small Cap Extended,2018-09-01,2019-01-01
KOS,Small Cap Extended,2019-03-01,2020-03-01
KOS,Small Cap Extended,2022-04-01,2024-09-01
KPTI,Small Cap Extended,2019-08-01,2021-06-01
KPTI,Small Cap Extended,2022-03-01,2022-06-01
KRC,Small Cap Extended,2018-09-01,2026-02-01
KRG,Small Cap Extended,2021-11-01,2026-02-01
KRMN,Mid Cap Extended,2025-05-01,2026-02-01
KRNT,Small Cap Extended,2019-07-01,2019-09-01
KRNT,Small Cap Extended,2020-04-01,2020-05-01
KRNT,Small Cap Extended,2020-06-01,2020-09-01
KRNT,Small Cap Extended,2020-10-01,2021-01-01
KRNT,Small Cap Extended,2021-05-01,2021-07-01
KRNT,Small Cap Extended,2021-10-01,2022-12-01
KS,Small Cap Extended,2018-09-01,2018-12-01
KSCP,Small Cap Extended,2022-04-01,2022-06-01
KSPI,Small Cap Extended,2024-04-01,2025-02-01
KSPI,Small Cap Extended,2025-03-01,2025-08-01
KSPI,Small Cap Extended,2025-10-01,2026-02-01
KT,Small Cap Extended,2019-01-01,2019-02-01
KT,Small Cap Extended,2025-01-01,2025-09-01
KTB,Small Cap Extended,2019-08-01,2020-09-01
KTB,Small Cap Extended,2021-07-01,2021-10-01
KTB,Small Cap Extended,2023-01-01,2023-02-01
KTB,Small Cap Extended,2023-04-01,2023-08-01
KTB,Small Cap Extended,2023-09-01,2026-02-01
KTOS,Small Cap Extended,2018-10-01,2021-11-01
KTOS,Small Cap Extended,2022-04-01,2022-07-01
KTOS,Small Cap Extended,2023-11-01,2026-02-01
KTOV,Small Cap Extended,2020-07-01,2020-09-01
KTWO,Small Cap Extended,2018-09-01,2018-12-01
KULR,Mid Cap Extended,2025-01-01,2025-05-01
KURA,Small Cap Extended,2020-11-01,2021-04-01
KURA,Small Cap Extended,2023-01-01,2023-02-01
KURA,Small Cap Extended,2024-02-01,2024-06-01
KVYO,Small Cap Extended,2023-12-01,2026-02-01
KW,Small Cap Extended,2023-04-01,2023-07-01
KXIN,Mid Cap Extended,2020-11-01,2021-03-01
KYMR,Small Cap Extended,2021-08-01,2021-11-01
KYMR,Small Cap Extended,2022-09-01,2023-05-01
KYMR,Small Cap Extended,2024-01-01,2024-12-01
KYMR,Small Cap Extended,2025-07-01,2026-02-01
LAC,Small Cap Extended,2020-11-01,2021-08-01
LAC,Small Cap Extended,2021-09-01,2024-02-01
LAC,Small Cap Extended,2024-04-01,2024-05-01
LAC,Small Cap Extended,2025-10-01,2026-01-01
LAES,Mid Cap Extended,2025-01-01,2025-02-01
LAES,Mid Cap Extended,2025-11-01,2025-12-01
LAMR,Small Cap Extended,2018-09-01,2026-02-01
LAUR,Small Cap Extended,2019-11-01,2020-03-01
LAUR,Small Cap Extended,2023-01-01,2023-03-01
LAUR,Small Cap Extended,2025-10-01,2025-11-01
LAUR,Small Cap Extended,2025-12-01,2026-02-01
LAZ,Small Cap Extended,2018-09-01,2020-08-01
LAZ,Small Cap Extended,2020-11-01,2021-01-01
LAZ,Small Cap Extended,2021-05-01,2021-09-01
LAZ,Small Cap Extended,2022-03-01,2022-08-01
LAZ,Small Cap Extended,2022-10-01,2026-02-01
LBRDK,Mid Cap Extended,2018-09-01,2026-02-01
LBRT,Small Cap Extended,2018-10-01,2019-02-01
LBRT,Small Cap Extended,2022-05-01,2026-02-01
LBTYA,Small Cap Extended,2018-09-01,2020-09-01
LBTYA,Small Cap Extended,2020-10-01,2021-02-01
LBTYA,Small Cap Extended,2022-12-01,2023-04-01
LBTYA,Small Cap Extended,2023-09-01,2024-01-01
LBTYA,Small Cap Extended,2024-08-01,2024-09-01
LBTYA,Small Cap Extended,2024-12-01,2025-07-01
LBTYK,Small Cap Extended,2018-09-01,2024-04-01
LBTYK,Small Cap Extended,2024-06-01,2024-09-01
LC,Small Cap Extended,2018-09-01,2018-12-01
LC,Small Cap Extended,2019-09-01,2019-10-01
LC,Small Cap Extended,2021-04-01,2023-02-01
LC,Small Cap Extended,2023-03-01,2023-05-01
LC,Small Cap Extended,2024-12-01,2025-05-01
LCI,Small Cap Extended,2019-03-01,2019-05-01
LCI,Small Cap Extended,2019-09-01,2020-01-01
LCID,Mid Cap Extended,2021-09-01,2026-02-01
LEA,Mid Cap Extended,2018-09-01,2026-02-01
LEGN,Small Cap Extended,2020-08-01,2020-09-01
LEGN,Small Cap Extended,2021-12-01,2026-02-01
LESL,Small Cap Extended,2021-01-01,2024-09-01
LEV,Small Cap Extended,2021-06-01,2021-09-01
LEVI,Small Cap Extended,2019-06-01,2021-03-01
LEVI,Small Cap Extended,2021-05-01,2026-02-01
LFG,Small Cap Extended,2022-06-01,2023-02-01
LFST,Small Cap Extended,2021-09-01,2021-10-01
LGN,Small Cap Extended,2025-12-01,2026-02-01
LGVW,Small Cap Extended,2020-12-01,2021-04-01
LHO,Mid Cap Extended,2018-09-01,2019-01-01
LI,Mid Cap Extended,2020-10-01,2026-02-01
LIF,Small Cap Extended,2025-06-01,2026-02-01
LIFW,Small Cap Extended,2023-12-01,2024-03-01
LILAK,Small Cap Extended,2018-09-01,2018-10-01
LINE,Small Cap Extended,2024-09-01,2026-02-01
LITM,Small Cap Extended,2025-01-01,2025-04-01
LIVN,Small Cap Extended,2018-09-01,2021-08-01
LIVN,Small Cap Extended,2021-09-01,2026-02-01
LIZI,Mid Cap Extended,2021-01-01,2021-02-01
LIZI,Mid Cap Extended,2021-03-01,2021-07-01
LJPC,Small Cap Extended,2018-09-01,2018-10-01
LJPC,Small Cap Extended,2019-07-01,2019-10-01
LK,Mid Cap Extended,2019-08-01,2020-05-01
LKCO,Small Cap Extended,2021-04-01,2021-06-01
LL,Small Cap Extended,2018-09-01,2019-03-01
LL,Small Cap Extended,2019-05-01,2020-01-01
LL,Small Cap Extended,2020-03-01,2020-04-01
LL,Small Cap Extended,2020-05-01,2020-06-01
LL,Small Cap Extended,2020-09-01,2021-01-01
LLNW,Small Cap Extended,2020-07-01,2020-11-01
LMND,Small Cap Extended,2020-09-01,2026-02-01
LNG,Mid Cap Extended,2018-09-01,2026-02-01
LNTH,Mid Cap Extended,2019-08-01,2019-10-01
LNTH,Mid Cap Extended,2022-04-01,2026-02-01
LNW,Mid Cap Extended,2022-06-01,2025-12-01
LOAR,Small Cap Extended,2024-07-01,2024-08-01
LOAR,Small Cap Extended,2024-11-01,2026-02-01
LODE,Small Cap Extended,2021-03-01,2021-06-01
LOGI,Small Cap Extended,2020-04-01,2026-02-01
LOGM,Mid Cap Extended,2018-09-01,2020-10-01
LOTZ,Small Cap Extended,2021-04-01,2021-06-01
LOTZ,Small Cap Extended,2021-07-01,2021-08-01
LOVE,Small Cap Extended,2021-06-01,2022-04-01
LPG,Small Cap Extended,2023-11-01,2024-10-01
LPI,Small Cap Extended,2018-09-01,2020-04-01
LPI,Small Cap Extended,2021-07-01,2023-02-01
LPLA,Mid Cap Extended,2018-09-01,2026-02-01
LPNT,Mid Cap Extended,2018-09-01,2019-01-01
LPRO,Small Cap Extended,2020-10-01,2022-03-01
LPSN,Small Cap Extended,2018-09-01,2018-10-01
LPSN,Small Cap Extended,2019-03-01,2022-07-01
LPT,Mid Cap Extended,2018-09-01,2020-03-01
LPX,Mid Cap Extended,2018-09-01,2026-02-01
LQDA,Small Cap Extended,2025-07-01,2026-02-01
LRN,Small Cap Extended,2020-04-01,2020-07-01
LRN,Small Cap Extended,2020-08-01,2021-03-01
LRN,Small Cap Extended,2022-07-01,2023-07-01
LRN,Small Cap Extended,2023-10-01,2026-02-01
LSCC,Mid Cap Extended,2019-03-01,2026-02-01
LSI,Mid Cap Extended,2018-09-01,2023-09-01
LSPD,Small Cap Extended,2021-02-01,2023-04-01
LSPD,Small Cap Extended,2024-03-01,2024-06-01
LSXMA,Small Cap Extended,2018-09-01,2021-04-01
LSXMA,Small Cap Extended,2021-06-01,2024-10-01
LSXMK,Small Cap Extended,2018-09-01,2024-10-01
LTH,Small Cap Extended,2023-06-01,2023-09-01
LTH,Small Cap Extended,2024-09-01,2026-02-01
LTHM,Mid Cap Extended,2019-01-01,2020-06-01
LTHM,Mid Cap Extended,2020-07-01,2024-02-01
LTM,Small Cap Extended,2025-07-01,2026-02-01
LU,Small Cap Extended,2021-01-01,2021-04-01
LU,Small Cap Extended,2021-07-01,2021-11-01
LU,Small Cap Extended,2022-03-01,2022-09-01
LU,Small Cap Extended,2023-02-01,2023-03-01
LUNR,Mid Cap Extended,2023-04-01,2023-06-01
LUNR,Mid Cap Extended,2024-03-01,2024-07-01
LUNR,Mid Cap Extended,2024-10-01,2026-02-01
LVGO,Mid Cap Extended,2019-10-01,2020-12-01
LX,Small Cap Extended,2019-06-01,2019-08-01
LX,Small Cap Extended,2020-02-01,2020-05-01
LX,Small Cap Extended,2020-09-01,2020-10-01
LX,Small Cap Extended,2025-03-01,2025-07-01
LXP,Small Cap Extended,2019-03-01,2019-08-01
LXP,Small Cap Extended,2019-09-01,2020-12-01
LXP,Small Cap Extended,2021-07-01,2021-09-01
LXP,Small Cap Extended,2021-10-01,2021-12-01
LXP,Small Cap Extended,2022-01-01,2022-09-01
LXP,Small Cap Extended,2023-02-01,2023-04-01
LXP,Small Cap Extended,2023-06-01,2023-10-01
LXP,Small Cap Extended,2023-11-01,2024-04-01
LXP,Small Cap Extended,2024-05-01,2024-06-01
LXP,Small Cap Extended,2024-09-01,2024-11-01
LXP,Small Cap Extended,2025-07-01,2025-11-01
LXP,Small Cap Extended,2025-12-01,2026-02-01
LXRX,Small Cap Extended,2021-02-01,2021-05-01
LYFT,Mid Cap Extended,2019-06-01,2026-02-01
LZ,Small Cap Extended,2021-09-01,2021-10-01
LZ,Small Cap Extended,2022-06-01,2022-07-01
LZ,Small Cap Extended,2023-12-01,2024-01-01
MAG,Small Cap Extended,2025-07-01,2025-10-01
MAIN,Small Cap Extended,2020-04-01,2020-07-01
MAIN,Small Cap Extended,2025-03-01,2026-02-01
MAN,Small Cap Extended,2018-09-01,2026-02-01
MANH,Mid Cap Extended,2018-09-01,2026-02-01
MARA,Mid Cap Extended,2020-12-01,2023-01-01
MARA,Mid Cap Extended,2023-02-01,2026-02-01
MASI,Mid Cap Extended,2018-09-01,2026-02-01
MAXN,Small Cap Extended,2020-11-01,2021-01-01
MAXN,Small Cap Extended,2023-04-01,2023-12-01
MAXN,Small Cap Extended,2024-08-01,2024-11-01
MAXR,Small Cap Extended,2018-09-01,2019-01-01
MAXR,Small Cap Extended,2019-02-01,2019-03-01
MAXR,Small Cap Extended,2019-06-01,2021-12-01
MAXR,Small Cap Extended,2022-01-01,2022-08-01
MAXR,Small Cap Extended,2023-01-01,2023-06-01
MBC,Small Cap Extended,2023-03-01,2023-04-01
MBC,Small Cap Extended,2023-08-01,2023-10-01
MBC,Small Cap Extended,2024-04-01,2024-06-01
MBIO,Small Cap Extended,2024-07-01,2024-10-01
MBLY,Mid Cap Extended,2022-12-01,2026-02-01
MBT,Small Cap Extended,2018-09-01,2021-05-01
MBT,Small Cap Extended,2021-06-01,2021-07-01
MBT,Small Cap Extended,2022-02-01,2022-04-01
MC,Small Cap Extended,2018-09-01,2018-12-01
MC,Small Cap Extended,2019-01-01,2019-09-01
MC,Small Cap Extended,2020-03-01,2020-08-01
MC,Small Cap Extended,2022-02-01,2026-02-01
MCFE,Small Cap Extended,2021-01-01,2021-02-01
MCFE,Small Cap Extended,2021-09-01,2022-04-01
MCRB,Small Cap Extended,2020-09-01,2021-04-01
MCRB,Small Cap Extended,2023-06-01,2023-08-01
MCRN,Small Cap Extended,2019-08-01,2020-01-01
MCW,Small Cap Extended,2021-09-01,2021-10-01
MCW,Small Cap Extended,2022-10-01,2023-01-01
MD,Small Cap Extended,2018-09-01,2021-04-01
MD,Small Cap Extended,2021-06-01,2021-07-01
MDB,Mid Cap Extended,2018-09-01,2026-02-01
MDC,Small Cap Extended,2019-01-01,2019-04-01
MDC,Small Cap Extended,2019-08-01,2021-10-01
MDC,Small Cap Extended,2022-03-01,2024-06-01
MDCO,Small Cap Extended,2018-09-01,2020-02-01
MDLA,Mid Cap Extended,2019-10-01,2021-12-01
MDP,Small Cap Extended,2018-09-01,2020-09-01
MDP,Small Cap Extended,2021-11-01,2022-01-01
MDR,Mid Cap Extended,2018-09-01,2019-09-01
MDRX,Small Cap Extended,2018-09-01,2020-10-01
MDRX,Small Cap Extended,2020-11-01,2023-06-01
MDRX,Small Cap Extended,2024-03-01,2024-04-01
MDSO,Mid Cap Extended,2018-09-01,2019-12-01
MDU,Small Cap Extended,2020-03-01,2020-06-01
MDU,Small Cap Extended,2023-08-01,2023-12-01
MDU,Small Cap Extended,2024-11-01,2025-08-01
MDU,Small Cap Extended,2025-10-01,2026-02-01
MDXG,Small Cap Extended,2018-09-01,2018-12-01
ME,Small Cap Extended,2021-12-01,2022-02-01
MEET,Small Cap Extended,2020-04-01,2020-07-01
MELI,Mid Cap Extended,2018-09-01,2026-02-01
MEOH,Small Cap Extended,2018-09-01,2020-06-01
MEOH,Small Cap Extended,2022-06-01,2022-09-01
METC,Small Cap Extended,2024-01-01,2024-04-01
METC,Small Cap Extended,2025-08-01,2026-02-01
METX,Small Cap Extended,2021-11-01,2022-02-01
MFA,Small Cap Extended,2020-03-01,2020-04-01
MFA,Small Cap Extended,2020-09-01,2020-10-01
MFC,Small Cap Extended,2018-09-01,2026-02-01
MFGP,Small Cap Extended,2019-01-01,2019-02-01
MGA,Mid Cap Extended,2018-09-01,2026-02-01
MGI,Small Cap Extended,2021-01-01,2021-04-01
MGI,Small Cap Extended,2022-03-01,2022-08-01
MGI,Small Cap Extended,2023-04-01,2023-07-01
MGNI,Small Cap Extended,2020-08-01,2020-09-01
MGNI,Small Cap Extended,2020-11-01,2022-09-01
MGNI,Small Cap Extended,2023-01-01,2023-06-01
MGNI,Small Cap Extended,2023-07-01,2023-11-01
MGNI,Small Cap Extended,2024-07-01,2026-02-01
MGNX,Small Cap Extended,2019-03-01,2019-09-01
MGNX,Small Cap Extended,2020-06-01,2020-12-01
MGNX,Small Cap Extended,2024-04-01,2024-06-01
MGP,Small Cap Extended,2018-10-01,2022-06-01
MGY,Small Cap Extended,2018-10-01,2019-05-01
MGY,Small Cap Extended,2019-06-01,2020-04-01
MGY,Small Cap Extended,2021-08-01,2026-02-01
MIAX,Small Cap Extended,2025-11-01,2025-12-01
MIDD,Mid Cap Extended,2018-09-01,2026-02-01
MIK,Mid Cap Extended,2018-09-01,2020-02-01
MIK,Mid Cap Extended,2020-07-01,2021-05-01
MIME,Small Cap Extended,2018-09-01,2022-07-01
MIR,Small Cap Extended,2024-11-01,2026-02-01
MITL,Small Cap Extended,2018-09-01,2018-10-01
MKSI,Mid Cap Extended,2018-09-01,2026-02-01
MLCO,Small Cap Extended,2018-09-01,2025-02-01
MLCO,Small Cap Extended,2025-03-01,2025-07-01
MLCO,Small Cap Extended,2025-08-01,2025-10-01
MLGO,Mid Cap Extended,2024-01-01,2024-04-01
MLGO,Mid Cap Extended,2024-07-01,2024-10-01
MLGO,Mid Cap Extended,2025-03-01,2025-09-01
MLKN,Small Cap Extended,2022-11-01,2023-02-01
MLKN,Small Cap Extended,2023-11-01,2023-12-01
MLKN,Small Cap Extended,2024-04-01,2024-07-01
MLNT,Small Cap Extended,2019-07-01,2019-08-01
MLNX,Mid Cap Extended,2018-09-01,2020-06-01
MLTX,Small Cap Extended,2023-07-01,2024-06-01
MLTX,Small Cap Extended,2025-08-01,2026-02-01
MMAT,Mid Cap Extended,2021-08-01,2022-02-01
MMAT,Mid Cap Extended,2023-01-01,2023-03-01
MMP,Mid Cap Extended,2018-09-01,2023-11-01
MMSI,Small Cap Extended,2018-09-01,2021-02-01
MMSI,Small Cap Extended,2022-05-01,2026-02-01
MMYT,Mid Cap Extended,2018-11-01,2018-12-01
MMYT,Mid Cap Extended,2023-09-01,2026-02-01
MNDR,Small Cap Extended,2024-07-01,2024-08-01
MNDT,Mid Cap Extended,2021-12-01,2022-10-01
MNDY,Mid Cap Extended,2021-09-01,2026-02-01
MNKD,Small Cap Extended,2023-01-01,2023-04-01
MNMD,Small Cap Extended,2021-07-01,2021-09-01
MNMD,Small Cap Extended,2024-05-01,2024-07-01
MNSO,Small Cap Extended,2021-01-01,2021-03-01
MNSO,Small Cap Extended,2023-04-01,2023-07-01
MNSO,Small Cap Extended,2023-08-01,2024-09-01
MNSO,Small Cap Extended,2024-10-01,2025-05-01
MNSO,Small Cap Extended,2025-06-01,2025-07-01
MNTA,Small Cap Extended,2018-09-01,2019-04-01
MNTA,Small Cap Extended,2020-01-01,2020-11-01
MNTV,Small Cap Extended,2022-01-01,2022-08-01
MNTV,Small Cap Extended,2023-04-01,2023-07-01
MOBL,Small Cap Extended,2020-11-01,2021-01-01
MOD,Mid Cap Extended,2023-09-01,2026-02-01
MODG,Small Cap Extended,2022-12-01,2025-01-01
MODG,Small Cap Extended,2025-03-01,2025-05-01
MOMO,Mid Cap Extended,2018-09-01,2021-07-01
MOMO,Mid Cap Extended,2021-08-01,2021-11-01
MOMO,Mid Cap Extended,2023-01-01,2023-04-01
MOSY,Small Cap Extended,2021-07-01,2021-08-01
MP,Mid Cap Extended,2021-01-01,2026-02-01
MPLN,Small Cap Extended,2021-01-01,2021-04-01
MPLN,Small Cap Extended,2021-07-01,2021-10-01
MPLN,Small Cap Extended,2021-11-01,2022-02-01
MPLX,Small Cap Extended,2018-09-01,2026-02-01
MPW,Mid Cap Extended,2018-09-01,2023-10-01
MPW,Mid Cap Extended,2024-10-01,2024-11-01
MPW,Mid Cap Extended,2025-03-01,2025-06-01
MPW,Mid Cap Extended,2025-11-01,2026-01-01
MQ,Small Cap Extended,2021-09-01,2024-10-01
MQ,Small Cap Extended,2024-12-01,2025-03-01
MQ,Small Cap Extended,2025-04-01,2025-10-01
MRC,Small Cap Extended,2018-09-01,2020-02-01
MRCY,Small Cap Extended,2018-09-01,2022-12-01
MRCY,Small Cap Extended,2023-01-01,2023-06-01
MRCY,Small Cap Extended,2023-07-01,2024-01-01
MRCY,Small Cap Extended,2024-03-01,2024-04-01
MRCY,Small Cap Extended,2024-08-01,2024-12-01
MRCY,Small Cap Extended,2025-03-01,2026-02-01
MRNS,Small Cap Extended,2020-11-01,2021-01-01
MRP,Small Cap Extended,2025-05-01,2026-02-01
MRSN,Small Cap Extended,2020-06-01,2021-03-01
MRSN,Small Cap Extended,2023-07-01,2023-09-01
MRTX,Mid Cap Extended,2018-09-01,2024-03-01
MRVI,Small Cap Extended,2021-02-01,2024-01-01
MRVI,Small Cap Extended,2024-04-01,2024-08-01
MRVI,Small Cap Extended,2024-09-01,2024-10-01
MRX,Small Cap Extended,2025-05-01,2025-12-01
MSGN,Small Cap Extended,2019-01-01,2019-04-01
MSGN,Small Cap Extended,2019-06-01,2020-03-01
MSGN,Small Cap Extended,2020-04-01,2020-05-01
MSM,Small Cap Extended,2018-09-01,2021-11-01
MSM,Small Cap Extended,2022-01-01,2026-02-01
MSTR,Mid Cap Extended,2018-11-01,2020-01-01
MSTR,Mid Cap Extended,2020-10-01,2026-02-01
MT,Mid Cap Extended,2018-09-01,2026-02-01
MTDR,Mid Cap Extended,2018-09-01,2020-04-01
MTDR,Mid Cap Extended,2020-05-01,2026-02-01
MTG,Small Cap Extended,2018-09-01,2026-02-01
MTH,Small Cap Extended,2018-09-01,2026-02-01
MTN,Mid Cap Extended,2018-09-01,2026-02-01
MTOR,Small Cap Extended,2018-09-01,2020-10-01
MTOR,Small Cap Extended,2022-03-01,2022-09-01
MTSI,Small Cap Extended,2018-09-01,2018-10-01
MTSI,Small Cap Extended,2018-11-01,2019-03-01
MTSI,Small Cap Extended,2019-06-01,2019-11-01
MTSI,Small Cap Extended,2019-12-01,2021-08-01
MTSI,Small Cap Extended,2022-01-01,2026-02-01
MTSR,Small Cap Extended,2025-07-01,2025-12-01
MTTR,Mid Cap Extended,2021-10-01,2022-07-01
MTZ,Mid Cap Extended,2018-09-01,2026-02-01
MUFG,Small Cap Extended,2023-02-01,2024-12-01
MUFG,Small Cap Extended,2025-02-01,2026-02-01
MVIS,Mid Cap Extended,2021-01-01,2022-02-01
MVST,Small Cap Extended,2021-09-01,2021-12-01
MVST,Small Cap Extended,2025-11-01,2025-12-01
MWA,Small Cap Extended,2024-05-01,2025-11-01
MWA,Small Cap Extended,2025-12-01,2026-02-01
MX,Small Cap Extended,2021-06-01,2021-07-01
MXL,Small Cap Extended,2018-09-01,2019-06-01
MXL,Small Cap Extended,2020-08-01,2020-11-01
MXL,Small Cap Extended,2021-05-01,2021-06-01
MXL,Small Cap Extended,2021-10-01,2024-01-01
MXL,Small Cap Extended,2024-09-01,2024-11-01
MXL,Small Cap Extended,2025-01-01,2025-06-01
MYGN,Small Cap Extended,2018-09-01,2020-09-01
MYGN,Small Cap Extended,2024-08-01,2024-11-01
MYOV,Small Cap Extended,2019-12-01,2020-04-01
MYOV,Small Cap Extended,2020-07-01,2021-03-01
MYOV,Small Cap Extended,2022-11-01,2023-04-01
MZOR,Mid Cap Extended,2018-09-01,2019-02-01
NAKA,Small Cap Extended,2025-07-01,2025-09-01
NAKD,Small Cap Extended,2021-02-01,2022-02-01
NAMS,Small Cap Extended,2025-11-01,2026-02-01
NAPA,Small Cap Extended,2024-11-01,2025-02-01
NARI,Small Cap Extended,2020-08-01,2025-04-01
NATI,Small Cap Extended,2018-09-01,2021-05-01
NATI,Small Cap Extended,2021-11-01,2023-11-01
NATL,Small Cap Extended,2023-12-01,2024-02-01
NATL,Small Cap Extended,2024-07-01,2024-10-01
NAV,Small Cap Extended,2018-09-01,2020-01-01
NAV,Small Cap Extended,2020-02-01,2021-08-01
NBEV,Mid Cap Extended,2018-10-01,2018-11-01
NBEV,Mid Cap Extended,2019-01-01,2019-07-01
NBIS,Mid Cap Extended,2024-12-01,2026-02-01
NBIX,Mid Cap Extended,2018-09-01,2026-02-01
NCNO,Small Cap Extended,2020-10-01,2024-01-01
NCNO,Small Cap Extended,2024-02-01,2026-02-01
NCR,Small Cap Extended,2018-09-01,2023-12-01
NCS,Small Cap Extended,2018-09-01,2018-10-01
NEGG,Mid Cap Extended,2021-08-01,2021-11-01
NEGG,Mid Cap Extended,2025-09-01,2026-02-01
NEO,Small Cap Extended,2019-01-01,2022-08-01
NEO,Small Cap Extended,2023-04-01,2023-08-01
NEO,Small Cap Extended,2024-01-01,2024-04-01
NEO,Small Cap Extended,2025-11-01,2026-02-01
NEOG,Small Cap Extended,2018-09-01,2021-02-01
NEOG,Small Cap Extended,2022-08-01,2025-07-01
NEOG,Small Cap Extended,2025-09-01,2026-01-01
NEP,Small Cap Extended,2019-11-01,2021-12-01
NEP,Small Cap Extended,2022-02-01,2025-03-01
NET,Mid Cap Extended,2019-12-01,2026-02-01
NEWM,Small Cap Extended,2019-09-01,2020-01-01
NEWR,Mid Cap Extended,2018-09-01,2023-12-01
NEX,Small Cap Extended,2020-01-01,2020-03-01
NEX,Small Cap Extended,2022-04-01,2023-10-01
NEXT,Small Cap Extended,2025-09-01,2025-12-01
NFE,Small Cap Extended,2020-10-01,2021-03-01
NFE,Small Cap Extended,2022-01-01,2022-02-01
NFE,Small Cap Extended,2022-04-01,2025-06-01
NFG,Small Cap Extended,2018-09-01,2021-01-01
NFG,Small Cap Extended,2022-02-01,2026-02-01
NG,Small Cap Extended,2019-07-01,2021-01-01
NG,Small Cap Extended,2025-11-01,2026-02-01
NGA,Mid Cap Extended,2021-01-01,2021-06-01
NGD,Mid Cap Extended,2025-09-01,2026-02-01
NGG,Small Cap Extended,2018-09-01,2020-11-01
NGG,Small Cap Extended,2022-06-01,2023-03-01
NGG,Small Cap Extended,2023-06-01,2026-02-01
NGL,Small Cap Extended,2019-03-01,2019-05-01
NGL,Small Cap Extended,2019-11-01,2020-01-01
NICE,Mid Cap Extended,2018-09-01,2026-02-01
NIHD,Small Cap Extended,2018-12-01,2019-01-01
NINE,Small Cap Extended,2023-02-01,2023-04-01
NIO,Mid Cap Extended,2018-10-01,2019-05-01
NIO,Mid Cap Extended,2020-07-01,2024-04-01
NIO,Mid Cap Extended,2024-06-01,2024-07-01
NIO,Mid Cap Extended,2024-10-01,2024-12-01
NIO,Mid Cap Extended,2025-09-01,2026-02-01
NITO,Small Cap Extended,2025-02-01,2025-05-01
NIU,Small Cap Extended,2020-09-01,2021-07-01
NJR,Small Cap Extended,2018-09-01,2020-09-01
NJR,Small Cap Extended,2020-11-01,2021-01-01
NJR,Small Cap Extended,2022-05-01,2022-09-01
NJR,Small Cap Extended,2022-10-01,2024-06-01
NJR,Small Cap Extended,2024-07-01,2024-11-01
NJR,Small Cap Extended,2025-02-01,2025-10-01
NK,Small Cap Extended,2020-07-01,2020-10-01
NK,Small Cap Extended,2021-01-01,2021-04-01
NKLA,Mid Cap Extended,2020-07-01,2024-10-01
NKTX,Small Cap Extended,2022-05-01,2022-08-01
NKTX,Small Cap Extended,2024-04-01,2024-05-01
NLS,Small Cap Extended,2020-10-01,2021-06-01
NLY,Mid Cap Extended,2018-09-01,2026-02-01
NMAX,Mid Cap Extended,2025-06-01,2025-08-01
NMIH,Small Cap Extended,2019-05-01,2021-01-01
NMIH,Small Cap Extended,2023-11-01,2024-01-01
NMIH,Small Cap Extended,2024-10-01,2024-12-01
NMIH,Small Cap Extended,2025-06-01,2025-08-01
NMR,Small Cap Extended,2024-02-01,2024-05-01
NNDM,Mid Cap Extended,2020-12-01,2021-12-01
NNE,Mid Cap Extended,2024-08-01,2026-02-01
NNN,Small Cap Extended,2018-09-01,2026-02-01
NNOX,Small Cap Extended,2020-11-01,2021-10-01
NNOX,Small Cap Extended,2023-06-01,2023-10-01
NNOX,Small Cap Extended,2024-03-01,2024-06-01
NNOX,Small Cap Extended,2025-02-01,2025-04-01
NOG,Small Cap Extended,2018-10-01,2019-02-01
NOG,Small Cap Extended,2022-04-01,2026-02-01
NOK,Mid Cap Extended,2018-09-01,2019-05-01
NOK,Mid Cap Extended,2019-08-01,2019-09-01
NOK,Mid Cap Extended,2021-08-01,2022-03-01
NOK,Mid Cap Extended,2022-04-01,2022-05-01
NOK,Mid Cap Extended,2025-04-01,2025-05-01
NOK,Mid Cap Extended,2025-06-01,2025-08-01
NOK,Mid Cap Extended,2025-11-01,2026-02-01
NOMD,Small Cap Extended,2018-09-01,2021-03-01
NOMD,Small Cap Extended,2022-05-01,2022-07-01
NOVA,Mid Cap Extended,2020-09-01,2024-05-01
NOVA,Mid Cap Extended,2024-06-01,2025-01-01
NOVN,Small Cap Extended,2020-08-01,2020-09-01
NOVN,Small Cap Extended,2021-07-01,2021-10-01
NRIX,Small Cap Extended,2024-07-01,2024-08-01
NRIX,Small Cap Extended,2025-01-01,2025-02-01
NRXP,Small Cap Extended,2021-08-01,2022-02-01
NRZ,Mid Cap Extended,2018-09-01,2020-04-01
NRZ,Mid Cap Extended,2020-05-01,2022-09-01
NS,Small Cap Extended,2020-01-01,2020-06-01
NS,Small Cap Extended,2024-03-01,2024-05-01
NSA,Small Cap Extended,2021-06-01,2025-01-01
NSA,Small Cap Extended,2025-05-01,2026-02-01
NSTG,Small Cap Extended,2019-04-01,2019-12-01
NSTG,Small Cap Extended,2020-04-01,2021-09-01
NSTG,Small Cap Extended,2021-11-01,2022-02-01
NTES,Mid Cap Extended,2018-09-01,2026-02-01
NTLA,Small Cap Extended,2018-09-01,2019-03-01
NTLA,Small Cap Extended,2020-07-01,2026-02-01
NTNX,Mid Cap Extended,2018-09-01,2026-02-01
NTR,Mid Cap Extended,2018-09-01,2026-02-01
NTRA,Mid Cap Extended,2018-09-01,2019-01-01
NTRA,Mid Cap Extended,2019-05-01,2026-02-01
NTRI,Small Cap Extended,2018-09-01,2019-04-01
NTSK,Small Cap Extended,2025-12-01,2026-02-01
NU,Mid Cap Extended,2022-03-01,2022-06-01
NU,Mid Cap Extended,2023-03-01,2023-04-01
NU,Mid Cap Extended,2023-05-01,2026-02-01
NUAI,Small Cap Extended,2025-11-01,2026-01-01
NUAN,Mid Cap Extended,2018-09-01,2022-04-01
NUKK,Mid Cap Extended,2025-01-01,2025-04-01
NUS,Small Cap Extended,2018-09-01,2021-01-01
NUS,Small Cap Extended,2021-07-01,2021-10-01
NUS,Small Cap Extended,2022-02-01,2022-09-01
NUS,Small Cap Extended,2022-11-01,2023-06-01
NUS,Small Cap Extended,2023-08-01,2023-11-01
NUTX,Small Cap Extended,2022-06-01,2022-08-01
NUTX,Small Cap Extended,2025-08-01,2025-10-01
NUVA,Small Cap Extended,2018-09-01,2023-10-01
NUVB,Small Cap Extended,2025-12-01,2026-02-01
NUVL,Small Cap Extended,2023-10-01,2026-02-01
NVAX,Mid Cap Extended,2019-01-01,2019-06-01
NVAX,Mid Cap Extended,2020-02-01,2024-01-01
NVAX,Mid Cap Extended,2024-06-01,2026-02-01
NVCR,Mid Cap Extended,2018-09-01,2024-11-01
NVCR,Mid Cap Extended,2025-01-01,2025-04-01
NVCR,Mid Cap Extended,2025-08-01,2025-09-01
NVEI,Small Cap Extended,2022-01-01,2022-05-01
NVEI,Small Cap Extended,2023-06-01,2023-07-01
NVEI,Small Cap Extended,2024-05-01,2024-11-01
NVO,Mid Cap Extended,2018-09-01,2026-02-01
NVRO,Mid Cap Extended,2018-09-01,2023-08-01
NVS,Mid Cap Extended,2018-09-01,2026-02-01
NVST,Mid Cap Extended,2019-12-01,2026-02-01
NVT,Small Cap Extended,2018-09-01,2021-07-01
NVT,Small Cap Extended,2021-08-01,2026-02-01
NVTA,Mid Cap Extended,2018-10-01,2022-06-01
NVTS,Mid Cap Extended,2022-01-01,2022-03-01
NVTS,Mid Cap Extended,2023-07-01,2023-12-01
NVTS,Mid Cap Extended,2025-06-01,2026-02-01
NWG,Small Cap Extended,2024-09-01,2024-12-01
NWG,Small Cap Extended,2025-03-01,2026-02-01
NXE,Small Cap Extended,2023-10-01,2025-04-01
NXE,Small Cap Extended,2025-05-01,2026-02-01
NXST,Mid Cap Extended,2018-09-01,2026-02-01
NXT,Mid Cap Extended,2023-05-01,2026-02-01
NXTD,Small Cap Extended,2021-01-01,2021-05-01
NXTM,Small Cap Extended,2018-11-01,2019-04-01
NYCB,Mid Cap Extended,2018-09-01,2024-12-01
NYMT,Small Cap Extended,2019-10-01,2020-01-01
NYMT,Small Cap Extended,2020-02-01,2020-04-01
NYMT,Small Cap Extended,2020-07-01,2020-08-01
NYT,Mid Cap Extended,2018-09-01,2026-02-01
OAK,Mid Cap Extended,2019-04-01,2019-11-01
OAS,Mid Cap Extended,2018-09-01,2019-06-01
OAS,Mid Cap Extended,2019-07-01,2019-08-01
OAS,Mid Cap Extended,2021-07-01,2022-08-01
OBDC,Small Cap Extended,2023-10-01,2024-12-01
OBDC,Small Cap Extended,2025-01-01,2026-02-01
OBLN,Mid Cap Extended,2021-02-01,2021-05-01
OC,Mid Cap Extended,2018-09-01,2026-02-01
OCDX,Small Cap Extended,2021-04-01,2021-07-01
OCDX,Small Cap Extended,2022-01-01,2022-05-01
OCGN,Mid Cap Extended,2021-03-01,2022-01-01
OCLR,Small Cap Extended,2018-09-01,2019-01-01
OCUL,Small Cap Extended,2021-01-01,2021-02-01
OCUL,Small Cap Extended,2025-10-01,2026-02-01
ODD,Small Cap Extended,2023-10-01,2024-10-01
ODD,Small Cap Extended,2025-05-01,2026-02-01
ODP,Small Cap Extended,2018-09-01,2019-08-01
ODP,Small Cap Extended,2019-11-01,2020-11-01
ODP,Small Cap Extended,2021-02-01,2021-03-01
ODP,Small Cap Extended,2022-11-01,2023-06-01
ODP,Small Cap Extended,2023-07-01,2023-10-01
ODP,Small Cap Extended,2023-11-01,2023-12-01
ODP,Small Cap Extended,2024-06-01,2024-10-01
OEC,Small Cap Extended,2018-09-01,2019-02-01
OEC,Small Cap Extended,2019-07-01,2019-10-01
OEG,Small Cap Extended,2021-02-01,2021-05-01
OFC,Small Cap Extended,2018-09-01,2021-02-01
OFC,Small Cap Extended,2021-07-01,2021-10-01
OFC,Small Cap Extended,2022-07-01,2023-02-01
OFC,Small Cap Extended,2023-04-01,2023-08-01
OGE,Small Cap Extended,2018-09-01,2026-02-01
OGEN,Small Cap Extended,2018-12-01,2019-01-01
OGI,Mid Cap Extended,2021-03-01,2021-07-01
OHI,Mid Cap Extended,2018-09-01,2026-02-01
OII,Small Cap Extended,2018-09-01,2020-04-01
OII,Small Cap Extended,2020-05-01,2020-06-01
OII,Small Cap Extended,2023-02-01,2023-06-01
OII,Small Cap Extended,2023-09-01,2024-02-01
OII,Small Cap Extended,2024-05-01,2024-12-01
OIS,Small Cap Extended,2018-09-01,2019-04-01
OIS,Small Cap Extended,2019-05-01,2019-07-01
OKLO,Mid Cap Extended,2024-06-01,2026-02-01
OKTA,Mid Cap Extended,2018-09-01,2026-02-01
OLED,Mid Cap Extended,2018-09-01,2026-02-01
OLLI,Mid Cap Extended,2018-09-01,2026-02-01
OLMA,Small Cap Extended,2025-12-01,2026-02-01
OLN,Mid Cap Extended,2018-09-01,2026-02-01
OLO,Small Cap Extended,2021-10-01,2022-04-01
OLO,Small Cap Extended,2022-09-01,2022-10-01
OLO,Small Cap Extended,2025-08-01,2025-10-01
OLPX,Small Cap Extended,2021-12-01,2022-11-01
OLPX,Small Cap Extended,2022-12-01,2023-02-01
OM,Small Cap Extended,2020-12-01,2021-01-01
OM,Small Cap Extended,2021-06-01,2021-12-01
OMCL,Small Cap Extended,2018-09-01,2024-04-01
OMCL,Small Cap Extended,2024-10-01,2025-03-01
OMER,Small Cap Extended,2018-10-01,2019-02-01
OMER,Small Cap Extended,2020-09-01,2020-12-01
OMER,Small Cap Extended,2025-12-01,2026-02-01
OMF,Small Cap Extended,2019-11-01,2019-12-01
OMF,Small Cap Extended,2020-03-01,2020-08-01
OMF,Small Cap Extended,2020-11-01,2020-12-01
OMF,Small Cap Extended,2021-03-01,2026-02-01
OMI,Small Cap Extended,2018-09-01,2019-04-01
OMI,Small Cap Extended,2019-11-01,2020-01-01
OMI,Small Cap Extended,2020-04-01,2023-02-01
ONB,Small Cap Extended,2018-09-01,2019-07-01
ONB,Small Cap Extended,2019-09-01,2020-07-01
ONB,Small Cap Extended,2022-02-01,2026-02-01
ONC,Mid Cap Extended,2025-02-01,2026-02-01
ONCT,Small Cap Extended,2021-01-01,2021-03-01
ONDS,Mid Cap Extended,2025-09-01,2026-02-01
ONEM,Small Cap Extended,2020-04-01,2022-06-01
ONEM,Small Cap Extended,2022-07-01,2023-04-01
ONON,Mid Cap Extended,2021-12-01,2026-02-01
ONTO,Mid Cap Extended,2020-04-01,2020-05-01
ONTO,Mid Cap Extended,2021-06-01,2021-09-01
ONTO,Mid Cap Extended,2022-01-01,2023-02-01
ONTO,Mid Cap Extended,2023-03-01,2026-02-01
OPAD,Small Cap Extended,2021-10-01,2022-01-01
OPAD,Small Cap Extended,2025-09-01,2025-12-01
OPCH,Small Cap Extended,2021-09-01,2022-02-01
OPCH,Small Cap Extended,2022-06-01,2026-02-01
OPEN,Mid Cap Extended,2021-02-01,2022-07-01
OPEN,Mid Cap Extended,2023-08-01,2023-09-01
OPEN,Mid Cap Extended,2025-10-01,2026-02-01
OPFI,Small Cap Extended,2025-04-01,2025-05-01
OPGN,Small Cap Extended,2020-09-01,2020-12-01
OPGN,Small Cap Extended,2021-04-01,2021-06-01
OPK,Small Cap Extended,2018-09-01,2018-10-01
OPK,Small Cap Extended,2020-08-01,2020-09-01
OPK,Small Cap Extended,2021-02-01,2021-03-01
OPRA,Small Cap Extended,2023-08-01,2023-11-01
OR,Small Cap Extended,2025-10-01,2026-02-01
ORBC,Small Cap Extended,2021-06-01,2021-08-01
ORBK,Small Cap Extended,2018-09-01,2019-04-01
ORBS,Mid Cap Extended,2025-10-01,2025-11-01
ORC,Small Cap Extended,2025-05-01,2025-06-01
ORC,Small Cap Extended,2025-11-01,2026-02-01
ORCC,Small Cap Extended,2022-04-01,2023-08-01
ORGO,Small Cap Extended,2021-07-01,2021-09-01
ORI,Small Cap Extended,2018-09-01,2021-03-01
ORI,Small Cap Extended,2021-04-01,2026-02-01
ORPH,Mid Cap Extended,2021-07-01,2021-08-01
ORPH,Mid Cap Extended,2021-09-01,2021-10-01
OS,Small Cap Extended,2024-10-01,2024-11-01
OS,Small Cap Extended,2024-12-01,2026-02-01
OSAT,Small Cap Extended,2021-08-01,2021-11-01
OSCR,Mid Cap Extended,2021-05-01,2021-07-01
OSCR,Mid Cap Extended,2021-11-01,2022-01-01
OSCR,Mid Cap Extended,2023-05-01,2023-07-01
OSCR,Mid Cap Extended,2024-02-01,2026-02-01
OSH,Mid Cap Extended,2020-11-01,2020-12-01
OSH,Mid Cap Extended,2021-03-01,2023-06-01
OSK,Mid Cap Extended,2018-09-01,2026-02-01
OSTK,Mid Cap Extended,2018-09-01,2020-04-01
OSTK,Mid Cap Extended,2020-05-01,2023-12-01
OSUR,Small Cap Extended,2020-06-01,2021-02-01
OTEX,Small Cap Extended,2018-09-01,2018-12-01
OTEX,Small Cap Extended,2019-01-01,2021-02-01
OTEX,Small Cap Extended,2022-03-01,2022-05-01
OTEX,Small Cap Extended,2022-08-01,2023-09-01
OTEX,Small Cap Extended,2023-10-01,2024-10-01
OTEX,Small Cap Extended,2025-04-01,2026-02-01
OTLK,Small Cap Extended,2019-08-01,2019-09-01
OTLY,Small Cap Extended,2021-08-01,2022-05-01
OTLY,Small Cap Extended,2022-06-01,2022-07-01
OTRK,Small Cap Extended,2020-09-01,2021-06-01
OUST,Mid Cap Extended,2025-07-01,2026-02-01
OUT,Small Cap Extended,2018-09-01,2018-11-01
OUT,Small Cap Extended,2018-12-01,2021-03-01
OUT,Small Cap Extended,2021-06-01,2021-10-01
OUT,Small Cap Extended,2022-04-01,2024-09-01
OUT,Small Cap Extended,2024-10-01,2025-07-01
OUT,Small Cap Extended,2025-12-01,2026-02-01
OVV,Mid Cap Extended,2020-03-01,2020-04-01
OVV,Mid Cap Extended,2020-05-01,2026-02-01
OWL,Mid Cap Extended,2021-10-01,2022-04-01
OWL,Mid Cap Extended,2022-05-01,2026-02-01
OXLC,Small Cap Extended,2025-05-01,2025-06-01
OZK,Small Cap Extended,2018-09-01,2021-03-01
OZK,Small Cap Extended,2021-04-01,2021-07-01
OZK,Small Cap Extended,2022-02-01,2026-02-01
OZON,Small Cap Extended,2021-02-01,2022-04-01
P,Mid Cap Extended,2018-09-01,2019-03-01
PAA,Small Cap Extended,2018-09-01,2020-04-01
PAA,Small Cap Extended,2020-05-01,2020-08-01
PAA,Small Cap Extended,2020-12-01,2026-02-01
PAAS,Mid Cap Extended,2018-09-01,2026-02-01
PACB,Mid Cap Extended,2018-12-01,2019-05-01
PACB,Mid Cap Extended,2019-06-01,2019-09-01
PACB,Mid Cap Extended,2020-10-01,2022-07-01
PACB,Mid Cap Extended,2022-09-01,2024-04-01
PACS,Small Cap Extended,2024-10-01,2025-03-01
PACW,Small Cap Extended,2018-09-01,2024-01-01
PAGP,Small Cap Extended,2018-09-01,2020-04-01
PAGP,Small Cap Extended,2020-05-01,2020-09-01
PAGP,Small Cap Extended,2022-04-01,2025-10-01
PAGS,Mid Cap Extended,2018-09-01,2026-02-01
PAH,Small Cap Extended,2018-09-01,2019-03-01
PARR,Small Cap Extended,2022-11-01,2024-12-01
PARR,Small Cap Extended,2025-06-01,2026-02-01
PATH,Mid Cap Extended,2021-07-01,2026-02-01
PAYA,Small Cap Extended,2023-02-01,2023-04-01
PAYO,Small Cap Extended,2021-10-01,2021-11-01
PAYO,Small Cap Extended,2022-09-01,2023-03-01
PAYO,Small Cap Extended,2023-04-01,2023-06-01
PAYO,Small Cap Extended,2023-08-01,2023-09-01
PAYO,Small Cap Extended,2023-10-01,2024-01-01
PAYO,Small Cap Extended,2024-11-01,2025-08-01
PAYS,Small Cap Extended,2019-08-01,2020-01-01
PB,Small Cap Extended,2018-09-01,2021-05-01
PB,Small Cap Extended,2021-06-01,2021-11-01
PB,Small Cap Extended,2022-02-01,2026-02-01
PBA,Small Cap Extended,2019-01-01,2021-02-01
PBA,Small Cap Extended,2021-04-01,2021-10-01
PBA,Small Cap Extended,2022-02-01,2026-02-01
PBF,Mid Cap Extended,2018-09-01,2020-11-01
PBF,Mid Cap Extended,2020-12-01,2026-02-01
PBR,Mid Cap Extended,2022-02-01,2026-02-01
PBYI,Small Cap Extended,2018-09-01,2020-06-01
PCH,Small Cap Extended,2018-09-01,2019-10-01
PCH,Small Cap Extended,2020-04-01,2020-05-01
PCH,Small Cap Extended,2020-10-01,2020-12-01
PCH,Small Cap Extended,2022-07-01,2022-09-01
PCH,Small Cap Extended,2022-10-01,2023-10-01
PCH,Small Cap Extended,2024-01-01,2024-04-01
PCOR,Mid Cap Extended,2021-08-01,2026-02-01
PCRX,Small Cap Extended,2018-09-01,2021-10-01
PCRX,Small Cap Extended,2021-11-01,2024-01-01
PCRX,Small Cap Extended,2024-06-01,2024-11-01
PCRX,Small Cap Extended,2025-06-01,2025-07-01
PCT,Small Cap Extended,2021-07-01,2021-10-01
PCT,Small Cap Extended,2023-09-01,2023-11-01
PCT,Small Cap Extended,2024-11-01,2025-04-01
PCT,Small Cap Extended,2025-07-01,2026-02-01
PCTY,Mid Cap Extended,2018-09-01,2026-02-01
PCVX,Small Cap Extended,2022-11-01,2026-02-01
PD,Small Cap Extended,2019-07-01,2024-11-01
PD,Small Cap Extended,2025-08-01,2026-02-01
PDCE,Mid Cap Extended,2018-09-01,2021-01-01
PDCE,Mid Cap Extended,2021-04-01,2023-09-01
PDD,Mid Cap Extended,2018-10-01,2026-02-01
PDI,Small Cap Extended,2023-11-01,2024-08-01
PDI,Small Cap Extended,2024-09-01,2026-02-01
PDM,Small Cap Extended,2018-09-01,2018-10-01
PDM,Small Cap Extended,2019-01-01,2019-08-01
PDM,Small Cap Extended,2020-01-01,2020-07-01
PDYN,Small Cap Extended,2025-01-01,2025-05-01
PDYN,Small Cap Extended,2025-08-01,2025-10-01
PE,Mid Cap Extended,2018-09-01,2021-02-01
PEB,Small Cap Extended,2018-09-01,2025-02-01
PEB,Small Cap Extended,2025-03-01,2025-07-01
PECO,Small Cap Extended,2022-03-01,2023-02-01
PECO,Small Cap Extended,2023-03-01,2025-04-01
PECO,Small Cap Extended,2025-05-01,2025-12-01
PEGA,Small Cap Extended,2018-09-01,2022-12-01
PEGA,Small Cap Extended,2023-05-01,2023-06-01
PEGA,Small Cap Extended,2024-03-01,2026-02-01
PEGI,Small Cap Extended,2018-09-01,2020-05-01
PEIX,Small Cap Extended,2020-10-01,2021-03-01
PEN,Mid Cap Extended,2018-09-01,2026-02-01
PERI,Small Cap Extended,2021-04-01,2021-05-01
PERI,Small Cap Extended,2023-03-01,2023-12-01
PETQ,Small Cap Extended,2018-09-01,2019-03-01
PETQ,Small Cap Extended,2019-05-01,2020-01-01
PETQ,Small Cap Extended,2024-09-01,2024-12-01
PETS,Small Cap Extended,2018-09-01,2019-05-01
PETS,Small Cap Extended,2019-08-01,2020-02-01
PETS,Small Cap Extended,2020-04-01,2020-12-01
PETS,Small Cap Extended,2021-02-01,2021-03-01
PEW,Small Cap Extended,2025-08-01,2025-09-01
PF,Mid Cap Extended,2018-09-01,2018-12-01
PFGC,Mid Cap Extended,2018-09-01,2026-02-01
PFPT,Mid Cap Extended,2018-09-01,2021-10-01
PFSI,Small Cap Extended,2019-11-01,2020-01-01
PFSI,Small Cap Extended,2020-03-01,2026-02-01
PGNX,Small Cap Extended,2018-10-01,2018-11-01
PGNY,Small Cap Extended,2020-01-01,2025-08-01
PGNY,Small Cap Extended,2025-12-01,2026-02-01
PGRE,Small Cap Extended,2018-09-01,2020-08-01
PGRE,Small Cap Extended,2020-10-01,2021-02-01
PGRE,Small Cap Extended,2022-05-01,2022-06-01
PGRE,Small Cap Extended,2025-10-01,2025-11-01
PGY,Small Cap Extended,2022-08-01,2022-11-01
PGY,Small Cap Extended,2023-10-01,2023-11-01
PGY,Small Cap Extended,2024-12-01,2025-01-01
PGY,Small Cap Extended,2025-03-01,2026-02-01
PHG,Small Cap Extended,2018-09-01,2021-01-01
PHG,Small Cap Extended,2021-06-01,2025-01-01
PHG,Small Cap Extended,2025-06-01,2025-10-01
PHIN,Small Cap Extended,2023-09-01,2023-11-01
PHIN,Small Cap Extended,2024-04-01,2025-07-01
PHR,Small Cap Extended,2019-10-01,2019-11-01
PHR,Small Cap Extended,2020-04-01,2020-05-01
PHR,Small Cap Extended,2020-11-01,2021-04-01
PHR,Small Cap Extended,2021-05-01,2022-01-01
PHR,Small Cap Extended,2022-02-01,2022-03-01
PHUN,Mid Cap Extended,2021-11-01,2022-06-01
PHUN,Mid Cap Extended,2024-02-01,2024-07-01
PHUN,Mid Cap Extended,2024-11-01,2024-12-01
PHUN,Mid Cap Extended,2025-01-01,2025-02-01
PHYS,Small Cap Extended,2020-03-01,2021-05-01
PHYS,Small Cap Extended,2022-03-01,2026-02-01
PI,Mid Cap Extended,2019-08-01,2019-11-01
PI,Mid Cap Extended,2020-02-01,2020-05-01
PI,Mid Cap Extended,2022-01-01,2022-05-01
PI,Mid Cap Extended,2022-09-01,2026-02-01
PIC,Small Cap Extended,2020-11-01,2021-02-01
PII,Mid Cap Extended,2018-09-01,2026-02-01
PING,Small Cap Extended,2019-12-01,2021-07-01
PING,Small Cap Extended,2021-11-01,2022-03-01
PING,Small Cap Extended,2022-04-01,2022-12-01
PINS,Mid Cap Extended,2019-07-01,2026-02-01
PIRS,Small Cap Extended,2021-06-01,2021-09-01
PIXY,Small Cap Extended,2022-10-01,2023-01-01
PL,Small Cap Extended,2022-02-01,2022-04-01
PL,Small Cap Extended,2025-02-01,2025-03-01
PL,Small Cap Extended,2025-07-01,2026-02-01
PLAB,Small Cap Extended,2022-09-01,2022-12-01
PLAB,Small Cap Extended,2024-03-01,2024-05-01
PLAN,Mid Cap Extended,2019-01-01,2022-08-01
PLAY,Mid Cap Extended,2018-09-01,2025-11-01
PLBY,Small Cap Extended,2021-05-01,2022-04-01
PLCE,Small Cap Extended,2018-09-01,2022-09-01
PLCE,Small Cap Extended,2022-10-01,2023-10-01
PLCE,Small Cap Extended,2023-12-01,2024-01-01
PLCE,Small Cap Extended,2024-03-01,2024-06-01
PLCE,Small Cap Extended,2024-10-01,2025-01-01
PLNT,Mid Cap Extended,2018-09-01,2026-02-01
PLRX,Small Cap Extended,2022-08-01,2022-11-01
PLRX,Small Cap Extended,2023-02-01,2023-05-01
PLRX,Small Cap Extended,2023-06-01,2023-09-01
PLTK,Small Cap Extended,2021-04-01,2021-06-01
PLTK,Small Cap Extended,2021-09-01,2022-01-01
PLTK,Small Cap Extended,2022-03-01,2023-01-01
PLUG,Mid Cap Extended,2020-07-01,2023-12-01
PLYA,Small Cap Extended,2025-03-01,2025-08-01
PMT,Small Cap Extended,2020-03-01,2020-04-01
PMVP,Small Cap Extended,2022-07-01,2022-09-01
PNFP,Small Cap Extended,2018-09-01,2020-09-01
PNFP,Small Cap Extended,2020-10-01,2026-02-01
PNM,Small Cap Extended,2018-09-01,2024-09-01
PNT,Small Cap Extended,2023-11-01,2024-02-01
POL,Small Cap Extended,2024-01-01,2024-03-01
POLY,Small Cap Extended,2022-04-01,2022-10-01
PONY,Mid Cap Extended,2025-04-01,2026-02-01
POR,Small Cap Extended,2018-09-01,2021-03-01
POR,Small Cap Extended,2022-04-01,2026-02-01
POSH,Small Cap Extended,2021-04-01,2022-03-01
POSH,Small Cap Extended,2022-11-01,2023-02-01
POST,Small Cap Extended,2018-09-01,2021-04-01
POST,Small Cap Extended,2021-05-01,2026-02-01
PPC,Small Cap Extended,2018-09-01,2020-10-01
PPC,Small Cap Extended,2022-04-01,2023-01-01
PPC,Small Cap Extended,2023-02-01,2023-06-01
PPC,Small Cap Extended,2023-08-01,2024-02-01
PPC,Small Cap Extended,2024-05-01,2026-02-01
PPD,Mid Cap Extended,2020-05-01,2022-01-01
PR,Mid Cap Extended,2022-10-01,2026-02-01
PRAH,Mid Cap Extended,2018-09-01,2021-08-01
PRAX,Small Cap Extended,2024-12-01,2025-06-01
PRAX,Small Cap Extended,2025-11-01,2026-02-01
PRCH,Small Cap Extended,2021-03-01,2021-08-01
PRCH,Small Cap Extended,2021-10-01,2022-03-01
PRCH,Small Cap Extended,2025-06-01,2026-01-01
PRCT,Small Cap Extended,2022-08-01,2022-10-01
PRCT,Small Cap Extended,2023-10-01,2023-11-01
PRCT,Small Cap Extended,2024-01-01,2026-02-01
PRG,Small Cap Extended,2021-02-01,2021-08-01
PRG,Small Cap Extended,2022-01-01,2022-08-01
PRG,Small Cap Extended,2024-09-01,2024-11-01
PRKS,Small Cap Extended,2024-03-01,2026-02-01
PRM,Small Cap Extended,2022-12-01,2023-01-01
PRMB,Mid Cap Extended,2024-12-01,2026-02-01
PRPL,Small Cap Extended,2020-08-01,2021-10-01
PRPL,Small Cap Extended,2021-11-01,2022-03-01
PRQR,Small Cap Extended,2021-06-01,2021-07-01
PRSP,Small Cap Extended,2018-09-01,2021-06-01
PRTA,Small Cap Extended,2021-09-01,2021-12-01
PRTA,Small Cap Extended,2022-10-01,2024-05-01
PRTS,Small Cap Extended,2020-10-01,2021-06-01
PRTY,Small Cap Extended,2018-09-01,2019-09-01
PRTY,Small Cap Extended,2019-10-01,2019-11-01
PRTY,Small Cap Extended,2021-01-01,2021-03-01
PRTY,Small Cap Extended,2021-07-01,2021-09-01
PRVA,Small Cap Extended,2021-07-01,2021-10-01
PRVA,Small Cap Extended,2022-08-01,2024-01-01
PRVA,Small Cap Extended,2024-02-01,2024-05-01
PRVB,Small Cap Extended,2019-09-01,2019-10-01
PRVB,Small Cap Extended,2020-08-01,2020-10-01
PRVB,Small Cap Extended,2023-04-01,2023-06-01
PS,Small Cap Extended,2018-09-01,2021-05-01
PSAC,Small Cap Extended,2021-03-01,2021-05-01
PSFE,Mid Cap Extended,2021-05-01,2022-07-01
PSIX,Small Cap Extended,2025-08-01,2026-02-01
PSLV,Small Cap Extended,2020-06-01,2020-07-01
PSLV,Small Cap Extended,2020-08-01,2021-01-01
PSLV,Small Cap Extended,2021-03-01,2021-10-01
PSLV,Small Cap Extended,2022-01-01,2026-02-01
PSN,Mid Cap Extended,2019-08-01,2020-01-01
PSN,Mid Cap Extended,2020-10-01,2021-01-01
PSN,Mid Cap Extended,2022-12-01,2026-02-01
PSNL,Small Cap Extended,2019-09-01,2019-10-01
PSNL,Small Cap Extended,2020-11-01,2021-05-01
PSNY,Small Cap Extended,2022-09-01,2022-10-01
PSNY,Small Cap Extended,2022-12-01,2023-01-01
PSNY,Small Cap Extended,2023-02-01,2023-03-01
PSQH,Small Cap Extended,2023-09-01,2023-11-01
PSQH,Small Cap Extended,2025-01-01,2025-04-01
PSTG,Mid Cap Extended,2018-09-01,2026-02-01
PSTH,Mid Cap Extended,2020-12-01,2022-03-01
PSTI,Small Cap Extended,2020-05-01,2020-08-01
PSXP,Small Cap Extended,2018-10-01,2018-12-01
PSXP,Small Cap Extended,2019-01-01,2020-12-01
PSXP,Small Cap Extended,2021-05-01,2021-09-01
PSXP,Small Cap Extended,2022-01-01,2022-04-01
PTCT,Small Cap Extended,2018-09-01,2021-07-01
PTCT,Small Cap Extended,2022-02-01,2026-02-01
PTEN,Mid Cap Extended,2018-09-01,2020-03-01
PTEN,Mid Cap Extended,2022-01-01,2022-02-01
PTEN,Mid Cap Extended,2022-03-01,2026-02-01
PTGX,Small Cap Extended,2020-07-01,2020-09-01
PTGX,Small Cap Extended,2021-10-01,2022-02-01
PTGX,Small Cap Extended,2023-04-01,2023-11-01
PTGX,Small Cap Extended,2024-03-01,2024-06-01
PTGX,Small Cap Extended,2024-07-01,2026-02-01
PTI,Small Cap Extended,2018-11-01,2019-02-01
PTI,Small Cap Extended,2020-01-01,2020-03-01
PTLA,Mid Cap Extended,2018-09-01,2020-08-01
PTLO,Small Cap Extended,2022-01-01,2022-05-01
PTLO,Small Cap Extended,2023-06-01,2023-07-01
PTLO,Small Cap Extended,2025-04-01,2025-05-01
PTON,Mid Cap Extended,2019-12-01,2023-11-01
PTON,Mid Cap Extended,2023-12-01,2024-03-01
PTON,Mid Cap Extended,2024-11-01,2026-02-01
PTRA,Small Cap Extended,2021-10-01,2021-11-01
PTRA,Small Cap Extended,2021-12-01,2022-05-01
PUBM,Small Cap Extended,2021-03-01,2022-06-01
PUBM,Small Cap Extended,2022-07-01,2022-08-01
PUK,Small Cap Extended,2019-11-01,2020-08-01
PUK,Small Cap Extended,2022-10-01,2023-05-01
PUK,Small Cap Extended,2024-11-01,2025-01-01
PUMP,Small Cap Extended,2018-09-01,2020-04-01
PUMP,Small Cap Extended,2023-11-01,2024-01-01
PVAC,Small Cap Extended,2018-09-01,2019-03-01
PVAC,Small Cap Extended,2019-06-01,2019-07-01
PVG,Small Cap Extended,2018-09-01,2021-01-01
PVG,Small Cap Extended,2022-02-01,2022-03-01
PVTL,Mid Cap Extended,2018-09-01,2020-02-01
PWSC,Small Cap Extended,2021-10-01,2021-12-01
PWSC,Small Cap Extended,2023-09-01,2023-12-01
PWSC,Small Cap Extended,2024-06-01,2024-11-01
PYCR,Small Cap Extended,2022-11-01,2022-12-01
PYCR,Small Cap Extended,2025-02-01,2025-05-01
PYX,Small Cap Extended,2018-11-01,2019-08-01
PZZA,Small Cap Extended,2018-09-01,2026-02-01
QBTS,Mid Cap Extended,2025-01-01,2026-02-01
QD,Mid Cap Extended,2018-09-01,2018-11-01
QD,Mid Cap Extended,2019-02-01,2019-12-01
QDEL,Small Cap Extended,2018-09-01,2019-08-01
QDEL,Small Cap Extended,2019-09-01,2026-02-01
QFIN,Small Cap Extended,2020-09-01,2020-11-01
QFIN,Small Cap Extended,2021-03-01,2022-03-01
QFIN,Small Cap Extended,2022-04-01,2022-05-01
QFIN,Small Cap Extended,2023-01-01,2023-05-01
QFIN,Small Cap Extended,2024-06-01,2026-02-01
QGEN,Small Cap Extended,2018-09-01,2026-02-01
QMCO,Mid Cap Extended,2024-12-01,2025-05-01
QMCO,Mid Cap Extended,2025-06-01,2025-07-01
QMMM,Small Cap Extended,2025-10-01,2025-11-01
QNST,Small Cap Extended,2019-01-01,2019-06-01
QRTEA,Small Cap Extended,2018-09-01,2019-11-01
QRTEA,Small Cap Extended,2020-09-01,2020-10-01
QRTEA,Small Cap Extended,2020-12-01,2022-04-01
QS,Mid Cap Extended,2021-01-01,2024-07-01
QS,Mid Cap Extended,2024-08-01,2025-03-01
QS,Mid Cap Extended,2025-07-01,2026-02-01
QSR,Mid Cap Extended,2018-09-01,2026-02-01
QTNA,Small Cap Extended,2019-04-01,2019-08-01
QTS,Small Cap Extended,2018-09-01,2021-10-01
QTT,Small Cap Extended,2018-12-01,2019-01-01
QTT,Small Cap Extended,2019-03-01,2019-08-01
QTT,Small Cap Extended,2021-03-01,2021-05-01
QTWO,Small Cap Extended,2018-09-01,2022-09-01
QTWO,Small Cap Extended,2023-05-01,2026-02-01
QUBT,Mid Cap Extended,2024-12-01,2026-02-01
QURE,Small Cap Extended,2019-02-01,2021-02-01
QURE,Small Cap Extended,2023-01-01,2023-03-01
QURE,Small Cap Extended,2024-08-01,2024-10-01
QURE,Small Cap Extended,2025-01-01,2025-04-01
QURE,Small Cap Extended,2025-07-01,2025-08-01
QURE,Small Cap Extended,2025-10-01,2026-02-01
QXO,Small Cap Extended,2024-09-01,2026-02-01
RAAS,Mid Cap Extended,2021-05-01,2021-06-01
RACE,Mid Cap Extended,2018-09-01,2026-02-01
RAD,Small Cap Extended,2019-07-01,2022-08-01
RAD,Small Cap Extended,2022-09-01,2022-10-01
RAD,Small Cap Extended,2022-11-01,2022-12-01
RADI,Small Cap Extended,2023-03-01,2023-08-01
RAL,Small Cap Extended,2025-09-01,2026-02-01
RAMP,Small Cap Extended,2018-11-01,2021-12-01
RAMP,Small Cap Extended,2022-07-01,2022-11-01
RAMP,Small Cap Extended,2024-02-01,2024-11-01
RARE,Small Cap Extended,2018-09-01,2026-02-01
RARX,Small Cap Extended,2019-06-01,2020-05-01
RBA,Small Cap Extended,2019-02-01,2019-05-01
RBA,Small Cap Extended,2019-10-01,2021-12-01
RBA,Small Cap Extended,2022-02-01,2022-06-01
RBA,Small Cap Extended,2022-07-01,2026-02-01
RBLX,Mid Cap Extended,2021-06-01,2026-02-01
RBNE,Small Cap Extended,2025-07-01,2025-10-01
RBRK,Mid Cap Extended,2024-07-01,2026-02-01
RCAT,Mid Cap Extended,2025-01-01,2026-02-01
RCII,Small Cap Extended,2018-09-01,2018-11-01
RCII,Small Cap Extended,2019-01-01,2020-07-01
RCII,Small Cap Extended,2020-10-01,2021-01-01
RCII,Small Cap Extended,2021-03-01,2022-10-01
RCII,Small Cap Extended,2022-11-01,2022-12-01
RCII,Small Cap Extended,2023-01-01,2023-02-01
RCKT,Small Cap Extended,2021-01-01,2021-05-01
RCKT,Small Cap Extended,2022-12-01,2023-07-01
RCKT,Small Cap Extended,2023-10-01,2024-06-01
RCM,Small Cap Extended,2019-06-01,2019-10-01
RCM,Small Cap Extended,2019-11-01,2020-05-01
RCM,Small Cap Extended,2020-10-01,2021-01-01
RCM,Small Cap Extended,2021-04-01,2021-10-01
RCM,Small Cap Extended,2021-12-01,2025-01-01
RCUS,Small Cap Extended,2020-06-01,2020-10-01
RCUS,Small Cap Extended,2022-01-01,2023-05-01
RCUS,Small Cap Extended,2023-06-01,2023-12-01
RDBX,Mid Cap Extended,2022-06-01,2022-08-01
RDC,Mid Cap Extended,2018-09-01,2019-05-01
RDDT,Mid Cap Extended,2024-06-01,2026-02-01
RDFN,Small Cap Extended,2018-09-01,2022-11-01
RDFN,Small Cap Extended,2022-12-01,2023-01-01
RDFN,Small Cap Extended,2023-02-01,2023-11-01
RDFN,Small Cap Extended,2023-12-01,2025-08-01
RDHL,Small Cap Extended,2023-12-01,2024-02-01
RDN,Small Cap Extended,2018-09-01,2021-03-01
RDN,Small Cap Extended,2021-06-01,2026-01-01
RDUS,Small Cap Extended,2018-09-01,2019-04-01
RDUS,Small Cap Extended,2019-06-01,2019-08-01
RDUS,Small Cap Extended,2019-10-01,2020-02-01
RDUS,Small Cap Extended,2022-01-01,2022-02-01
RDUS,Small Cap Extended,2025-06-01,2025-08-01
RDW,Small Cap Extended,2025-03-01,2025-06-01
RDW,Small Cap Extended,2025-07-01,2026-02-01
REAL,Small Cap Extended,2019-09-01,2022-06-01
REAL,Small Cap Extended,2025-02-01,2025-05-01
REAL,Small Cap Extended,2025-10-01,2026-02-01
REGI,Small Cap Extended,2018-09-01,2019-09-01
REGI,Small Cap Extended,2019-10-01,2022-07-01
RELX,Small Cap Extended,2020-04-01,2020-11-01
RELX,Small Cap Extended,2022-03-01,2026-02-01
RELY,Small Cap Extended,2021-12-01,2022-01-01
RELY,Small Cap Extended,2023-05-01,2026-02-01
REN,Small Cap Extended,2018-09-01,2019-04-01
RENT,Small Cap Extended,2024-05-01,2024-08-01
REPL,Small Cap Extended,2020-11-01,2021-03-01
REPL,Small Cap Extended,2025-08-01,2025-10-01
REPL,Small Cap Extended,2025-11-01,2026-02-01
RES,Small Cap Extended,2018-09-01,2019-09-01
RES,Small Cap Extended,2019-10-01,2019-11-01
RETA,Small Cap Extended,2018-09-01,2021-12-01
RETA,Small Cap Extended,2022-01-01,2022-04-01
RETA,Small Cap Extended,2022-10-01,2023-11-01
REXR,Mid Cap Extended,2018-09-01,2026-02-01
REYN,Small Cap Extended,2020-04-01,2020-11-01
REYN,Small Cap Extended,2024-11-01,2024-12-01
REYN,Small Cap Extended,2025-07-01,2025-11-01
REZI,Small Cap Extended,2019-01-01,2020-04-01
REZI,Small Cap Extended,2020-07-01,2020-10-01
REZI,Small Cap Extended,2020-12-01,2021-03-01
REZI,Small Cap Extended,2021-04-01,2021-07-01
REZI,Small Cap Extended,2024-04-01,2024-07-01
REZI,Small Cap Extended,2025-01-01,2025-04-01
REZI,Small Cap Extended,2025-08-01,2026-02-01
RFP,Small Cap Extended,2022-08-01,2022-11-01
RGA,Mid Cap Extended,2018-09-01,2026-02-01
RGEN,Mid Cap Extended,2018-09-01,2026-02-01
RGLD,Mid Cap Extended,2018-09-01,2026-02-01
RGNX,Small Cap Extended,2018-09-01,2020-09-01
RGNX,Small Cap Extended,2021-02-01,2021-03-01
RGTI,Mid Cap Extended,2025-01-01,2026-02-01
RH,Mid Cap Extended,2018-09-01,2026-02-01
RHP,Small Cap Extended,2018-09-01,2026-02-01
RIDE,Mid Cap Extended,2021-01-01,2022-04-01
RIGL,Small Cap Extended,2020-08-01,2020-11-01
RIO,Mid Cap Extended,2018-09-01,2026-02-01
RIOT,Mid Cap Extended,2020-12-01,2022-07-01
RIOT,Mid Cap Extended,2022-08-01,2022-12-01
RIOT,Mid Cap Extended,2023-02-01,2026-02-01
RITM,Small Cap Extended,2022-09-01,2022-10-01
RITM,Small Cap Extended,2022-11-01,2026-02-01
RIVN,Mid Cap Extended,2022-02-01,2026-02-01
RKLB,Mid Cap Extended,2021-10-01,2022-06-01
RKLB,Mid Cap Extended,2022-09-01,2022-10-01
RKLB,Mid Cap Extended,2022-11-01,2022-12-01
RKLB,Mid Cap Extended,2023-07-01,2023-10-01
RKLB,Mid Cap Extended,2024-01-01,2024-02-01
RKLB,Mid Cap Extended,2024-08-01,2026-02-01
RKT,Small Cap Extended,2020-11-01,2023-07-01
RKT,Small Cap Extended,2023-09-01,2026-02-01
RLAY,Small Cap Extended,2020-10-01,2021-01-01
RLAY,Small Cap Extended,2021-02-01,2021-07-01
RLAY,Small Cap Extended,2021-11-01,2022-02-01
RLAY,Small Cap Extended,2022-07-01,2023-08-01
RLGY,Small Cap Extended,2018-09-01,2019-09-01
RLGY,Small Cap Extended,2019-10-01,2020-04-01
RLGY,Small Cap Extended,2020-06-01,2021-03-01
RLGY,Small Cap Extended,2021-06-01,2022-02-01
RLGY,Small Cap Extended,2022-05-01,2022-07-01
RLJ,Small Cap Extended,2018-09-01,2020-10-01
RLJ,Small Cap Extended,2022-07-01,2022-08-01
RLJ,Small Cap Extended,2023-06-01,2023-12-01
RLX,Mid Cap Extended,2021-04-01,2021-08-01
RMBS,Mid Cap Extended,2019-04-01,2019-05-01
RMBS,Mid Cap Extended,2020-04-01,2020-05-01
RMBS,Mid Cap Extended,2022-02-01,2022-10-01
RMBS,Mid Cap Extended,2022-11-01,2026-02-01
RMED,Small Cap Extended,2021-07-01,2021-10-01
RMO,Mid Cap Extended,2021-03-01,2021-09-01
RNA,Small Cap Extended,2023-01-01,2023-08-01
RNA,Small Cap Extended,2024-04-01,2026-02-01
RNG,Mid Cap Extended,2018-09-01,2026-02-01
ROIC,Small Cap Extended,2018-09-01,2020-09-01
ROIC,Small Cap Extended,2022-06-01,2022-08-01
ROIC,Small Cap Extended,2024-12-01,2025-03-01
ROIV,Mid Cap Extended,2023-02-01,2026-02-01
ROKU,Mid Cap Extended,2018-09-01,2026-02-01
ROOT,Small Cap Extended,2021-01-01,2022-02-01
ROOT,Small Cap Extended,2024-04-01,2024-09-01
ROOT,Small Cap Extended,2024-11-01,2026-02-01
ROVR,Small Cap Extended,2023-12-01,2024-04-01
RP,Mid Cap Extended,2018-09-01,2021-06-01
RPAI,Small Cap Extended,2018-09-01,2020-04-01
RPAI,Small Cap Extended,2020-05-01,2020-10-01
RPAY,Small Cap Extended,2020-06-01,2021-01-01
RPAY,Small Cap Extended,2021-02-01,2021-03-01
RPD,Small Cap Extended,2018-09-01,2025-07-01
RPM,Mid Cap Extended,2018-09-01,2026-02-01
RPRX,Mid Cap Extended,2020-09-01,2026-02-01
RRGB,Small Cap Extended,2018-09-01,2018-11-01
RRGB,Small Cap Extended,2019-07-01,2019-11-01
RRR,Small Cap Extended,2018-09-01,2019-05-01
RRR,Small Cap Extended,2019-09-01,2019-12-01
RRR,Small Cap Extended,2020-04-01,2021-02-01
RRR,Small Cap Extended,2021-07-01,2022-09-01
RRR,Small Cap Extended,2022-10-01,2022-11-01
RRR,Small Cap Extended,2023-04-01,2026-02-01
RRX,Mid Cap Extended,2021-11-01,2026-02-01
RSI,Small Cap Extended,2021-04-01,2021-05-01
RSI,Small Cap Extended,2021-06-01,2021-07-01
RSI,Small Cap Extended,2021-10-01,2022-01-01
RSI,Small Cap Extended,2024-12-01,2025-06-01
RSI,Small Cap Extended,2025-09-01,2025-12-01
RSKD,Small Cap Extended,2021-10-01,2021-11-01
RSX,Mid Cap Extended,2018-09-01,2022-04-01
RTO,Small Cap Extended,2023-01-01,2023-03-01
RTO,Small Cap Extended,2024-04-01,2024-06-01
RTO,Small Cap Extended,2024-10-01,2025-01-01
RUBI,Small Cap Extended,2020-03-01,2020-08-01
RUBY,Small Cap Extended,2021-05-01,2021-07-01
RUM,Small Cap Extended,2022-10-01,2023-03-01
RUM,Small Cap Extended,2024-02-01,2024-06-01
RUM,Small Cap Extended,2025-01-01,2025-06-01
RUM,Small Cap Extended,2025-08-01,2025-09-01
RUN,Mid Cap Extended,2018-09-01,2026-02-01
RVLV,Small Cap Extended,2019-09-01,2020-05-01
RVLV,Small Cap Extended,2020-07-01,2024-07-01
RVLV,Small Cap Extended,2024-09-01,2025-10-01
RVMD,Small Cap Extended,2020-05-01,2020-06-01
RVMD,Small Cap Extended,2020-10-01,2021-01-01
RVMD,Small Cap Extended,2021-03-01,2021-04-01
RVMD,Small Cap Extended,2021-05-01,2021-06-01
RVMD,Small Cap Extended,2021-07-01,2021-08-01
RVMD,Small Cap Extended,2022-08-01,2026-02-01
RVNC,Small Cap Extended,2020-02-01,2020-06-01
RVNC,Small Cap Extended,2020-10-01,2021-01-01
RVNC,Small Cap Extended,2022-10-01,2024-01-01
RVNC,Small Cap Extended,2024-09-01,2024-12-01
RVSN,Small Cap Extended,2024-02-01,2024-05-01
RXDX,Mid Cap Extended,2022-10-01,2023-08-01
RXN,Small Cap Extended,2018-09-01,2021-11-01
RXO,Small Cap Extended,2023-01-01,2023-10-01
RXO,Small Cap Extended,2024-09-01,2026-02-01
RXRX,Mid Cap Extended,2022-01-01,2022-04-01
RXRX,Mid Cap Extended,2023-08-01,2025-06-01
RXRX,Mid Cap Extended,2025-07-01,2025-09-01
RXRX,Mid Cap Extended,2025-11-01,2025-12-01
RXST,Small Cap Extended,2024-01-01,2025-04-01
RXT,Small Cap Extended,2020-10-01,2021-08-01
RXT,Small Cap Extended,2021-10-01,2021-12-01
RY,Mid Cap Extended,2018-09-01,2026-02-01
RYAAY,Mid Cap Extended,2018-09-01,2021-09-01
RYAAY,Mid Cap Extended,2021-10-01,2026-02-01
RYAM,Small Cap Extended,2018-09-01,2019-02-01
RYAN,Small Cap Extended,2021-10-01,2021-11-01
RYAN,Small Cap Extended,2022-06-01,2026-02-01
RYN,Small Cap Extended,2018-09-01,2018-12-01
RYN,Small Cap Extended,2019-01-01,2019-07-01
RYN,Small Cap Extended,2019-09-01,2019-10-01
RYN,Small Cap Extended,2020-02-01,2020-08-01
RYN,Small Cap Extended,2021-08-01,2021-09-01
RYN,Small Cap Extended,2022-08-01,2022-09-01
RYN,Small Cap Extended,2025-04-01,2025-08-01
RYTM,Small Cap Extended,2022-09-01,2023-05-01
RYTM,Small Cap Extended,2023-10-01,2026-02-01
S,Mid Cap Extended,2021-09-01,2026-02-01
SA,Small Cap Extended,2025-12-01,2026-02-01
SABR,Mid Cap Extended,2018-09-01,2023-04-01
SAGE,Small Cap Extended,2018-09-01,2021-12-01
SAGE,Small Cap Extended,2022-03-01,2024-06-01
SAIL,Small Cap Extended,2018-09-01,2022-10-01
SAIL,Small Cap Extended,2025-03-01,2026-02-01
SAN,Small Cap Extended,2025-04-01,2026-02-01
SANA,Small Cap Extended,2021-10-01,2021-12-01
SANA,Small Cap Extended,2024-03-01,2024-05-01
SAND,Small Cap Extended,2019-10-01,2019-11-01
SAND,Small Cap Extended,2020-05-01,2020-11-01
SAND,Small Cap Extended,2025-03-01,2025-12-01
SAP,Mid Cap Extended,2018-09-01,2026-02-01
SARO,Small Cap Extended,2024-12-01,2026-02-01
SAVA,Mid Cap Extended,2020-02-01,2020-04-01
SAVA,Mid Cap Extended,2020-10-01,2023-07-01
SAVA,Mid Cap Extended,2023-08-01,2024-04-01
SAVA,Mid Cap Extended,2024-07-01,2024-12-01
SAVE,Mid Cap Extended,2018-09-01,2023-02-01
SAVE,Mid Cap Extended,2023-03-01,2024-04-01
SBE,Mid Cap Extended,2020-10-01,2021-04-01
SBEA,Small Cap Extended,2022-01-01,2022-03-01
SBGI,Small Cap Extended,2018-09-01,2021-03-01
SBH,Small Cap Extended,2018-09-01,2021-10-01
SBH,Small Cap Extended,2022-03-01,2022-09-01
SBH,Small Cap Extended,2022-10-01,2024-05-01
SBH,Small Cap Extended,2025-02-01,2025-05-01
SBH,Small Cap Extended,2025-11-01,2026-01-01
SBLK,Small Cap Extended,2021-10-01,2023-07-01
SBLK,Small Cap Extended,2023-08-01,2023-09-01
SBLK,Small Cap Extended,2024-01-01,2025-07-01
SBRA,Small Cap Extended,2018-09-01,2020-09-01
SBRA,Small Cap Extended,2020-11-01,2021-02-01
SBRA,Small Cap Extended,2021-11-01,2026-02-01
SBSW,Small Cap Extended,2020-05-01,2023-11-01
SBSW,Small Cap Extended,2024-01-01,2024-02-01
SBSW,Small Cap Extended,2025-06-01,2026-02-01
SC,Small Cap Extended,2018-09-01,2020-12-01
SC,Small Cap Extended,2021-05-01,2022-01-01
SCCO,Mid Cap Extended,2018-09-01,2026-02-01
SCI,Mid Cap Extended,2018-09-01,2026-02-01
SCPL,Small Cap Extended,2019-07-01,2019-09-01
SCPL,Small Cap Extended,2020-11-01,2020-12-01
SCR,Small Cap Extended,2021-09-01,2021-12-01
SCS,Small Cap Extended,2019-12-01,2020-04-01
SCS,Small Cap Extended,2025-09-01,2025-12-01
SDC,Mid Cap Extended,2019-12-01,2020-04-01
SDC,Mid Cap Extended,2020-05-01,2021-12-01
SDGR,Small Cap Extended,2020-05-01,2022-06-01
SDGR,Small Cap Extended,2022-09-01,2022-11-01
SDGR,Small Cap Extended,2023-06-01,2024-07-01
SDGR,Small Cap Extended,2025-05-01,2025-09-01
SDRL,Small Cap Extended,2023-07-01,2025-10-01
SEAS,Mid Cap Extended,2018-09-01,2024-03-01
SEEL,Small Cap Extended,2019-04-01,2019-07-01
SEEL,Small Cap Extended,2021-04-01,2021-07-01
SEER,Small Cap Extended,2021-03-01,2021-06-01
SEER,Small Cap Extended,2021-10-01,2021-11-01
SEI,Small Cap Extended,2025-03-01,2026-02-01
SEIC,Small Cap Extended,2018-09-01,2026-02-01
SEM,Small Cap Extended,2020-04-01,2020-05-01
SEM,Small Cap Extended,2025-03-01,2025-04-01
SEND,Mid Cap Extended,2018-09-01,2019-03-01
SENS,Small Cap Extended,2021-02-01,2022-06-01
SEP,Mid Cap Extended,2018-09-01,2019-01-01
SERV,Mid Cap Extended,2024-08-01,2026-02-01
SES,Small Cap Extended,2019-11-01,2020-02-01
SESN,Small Cap Extended,2021-09-01,2021-12-01
SEV,Mid Cap Extended,2022-01-01,2022-03-01
SF,Small Cap Extended,2018-09-01,2026-02-01
SFD,Small Cap Extended,2025-10-01,2025-12-01
SFIX,Mid Cap Extended,2018-09-01,2022-07-01
SFIX,Mid Cap Extended,2022-08-01,2022-10-01
SFLY,Mid Cap Extended,2018-09-01,2019-11-01
SFM,Mid Cap Extended,2018-09-01,2026-02-01
SFNC,Small Cap Extended,2019-12-01,2020-06-01
SFNC,Small Cap Extended,2022-06-01,2022-08-01
SG,Small Cap Extended,2022-02-01,2023-03-01
SG,Small Cap Extended,2023-08-01,2024-01-01
SG,Small Cap Extended,2024-03-01,2026-02-01
SGEN,Mid Cap Extended,2018-09-01,2024-01-01
SGFY,Mid Cap Extended,2021-05-01,2021-06-01
SGFY,Mid Cap Extended,2021-10-01,2022-01-01
SGFY,Mid Cap Extended,2022-06-01,2023-05-01
SGH,Small Cap Extended,2018-09-01,2019-07-01
SGH,Small Cap Extended,2021-08-01,2022-05-01
SGH,Small Cap Extended,2023-07-01,2023-10-01
SGH,Small Cap Extended,2023-11-01,2023-12-01
SGH,Small Cap Extended,2024-04-01,2024-12-01
SGHC,Small Cap Extended,2025-10-01,2026-01-01
SGI,Mid Cap Extended,2025-04-01,2026-02-01
SGML,Small Cap Extended,2022-11-01,2024-06-01
SGML,Small Cap Extended,2025-12-01,2026-02-01
SGMO,Small Cap Extended,2018-09-01,2021-04-01
SGMS,Small Cap Extended,2018-09-01,2022-06-01
SGMT,Small Cap Extended,2024-04-01,2024-05-01
SGRY,Small Cap Extended,2022-06-01,2022-09-01
SGRY,Small Cap Extended,2022-12-01,2025-11-01
SGRY,Small Cap Extended,2025-12-01,2026-02-01
SHAK,Mid Cap Extended,2018-09-01,2026-02-01
SHC,Small Cap Extended,2021-02-01,2021-03-01
SHC,Small Cap Extended,2021-04-01,2021-08-01
SHC,Small Cap Extended,2022-07-01,2023-01-01
SHC,Small Cap Extended,2023-02-01,2023-09-01
SHC,Small Cap Extended,2024-04-01,2024-06-01
SHC,Small Cap Extended,2024-11-01,2025-01-01
SHC,Small Cap Extended,2025-12-01,2026-02-01
SHEL,Mid Cap Extended,2022-04-01,2026-02-01
SHLL,Mid Cap Extended,2020-07-01,2020-11-01
SHLS,Small Cap Extended,2021-04-01,2025-02-01
SHLS,Small Cap Extended,2025-08-01,2026-02-01
SHLX,Small Cap Extended,2019-02-01,2019-05-01
SHLX,Small Cap Extended,2019-10-01,2020-01-01
SHLX,Small Cap Extended,2020-02-01,2020-08-01
SHLX,Small Cap Extended,2022-04-01,2022-06-01
SHLX,Small Cap Extended,2022-08-01,2022-12-01
SHO,Small Cap Extended,2018-09-01,2021-03-01
SHO,Small Cap Extended,2021-06-01,2024-06-01
SHO,Small Cap Extended,2024-09-01,2025-04-01
SHOO,Small Cap Extended,2018-09-01,2021-03-01
SHOO,Small Cap Extended,2021-08-01,2026-02-01
SHOP,Mid Cap Extended,2018-09-01,2026-02-01
SHPG,Mid Cap Extended,2018-09-01,2019-02-01
SID,Small Cap Extended,2021-06-01,2021-09-01
SIDU,Small Cap Extended,2022-07-01,2022-10-01
SIGA,Mid Cap Extended,2022-06-01,2022-12-01
SILK,Small Cap Extended,2019-06-01,2019-08-01
SILK,Small Cap Extended,2019-09-01,2020-05-01
SILK,Small Cap Extended,2020-06-01,2021-01-01
SILK,Small Cap Extended,2022-12-01,2023-11-01
SILK,Small Cap Extended,2024-07-01,2024-11-01
SILV,Small Cap Extended,2024-11-01,2025-02-01
SIMO,Small Cap Extended,2018-09-01,2019-06-01
SIMO,Small Cap Extended,2020-04-01,2020-05-01
SIMO,Small Cap Extended,2020-06-01,2020-07-01
SIMO,Small Cap Extended,2021-05-01,2021-07-01
SIMO,Small Cap Extended,2021-10-01,2021-11-01
SIMO,Small Cap Extended,2022-02-01,2023-02-01
SIMO,Small Cap Extended,2023-03-01,2024-11-01
SIMO,Small Cap Extended,2025-05-01,2025-09-01
SIMO,Small Cap Extended,2025-11-01,2026-02-01
SINA,Mid Cap Extended,2018-09-01,2021-04-01
SINT,Small Cap Extended,2020-08-01,2020-10-01
SIR,Small Cap Extended,2018-11-01,2019-02-01
SIRI,Mid Cap Extended,2018-09-01,2026-02-01
SITE,Small Cap Extended,2018-09-01,2026-02-01
SIX,Mid Cap Extended,2018-09-01,2024-08-01
SJI,Small Cap Extended,2018-09-01,2021-03-01
SJI,Small Cap Extended,2021-04-01,2021-10-01
SJI,Small Cap Extended,2021-11-01,2023-03-01
SKIN,Small Cap Extended,2021-08-01,2023-08-01
SKLZ,Mid Cap Extended,2021-03-01,2022-08-01
SKT,Small Cap Extended,2018-09-01,2020-04-01
SKT,Small Cap Extended,2020-05-01,2020-06-01
SKT,Small Cap Extended,2020-07-01,2020-09-01
SKT,Small Cap Extended,2021-02-01,2021-09-01
SKT,Small Cap Extended,2023-05-01,2023-08-01
SKT,Small Cap Extended,2023-11-01,2024-08-01
SKT,Small Cap Extended,2024-09-01,2025-11-01
SKWD,Small Cap Extended,2023-12-01,2024-01-01
SKWD,Small Cap Extended,2025-06-01,2025-08-01
SKX,Mid Cap Extended,2018-09-01,2025-10-01
SKY,Small Cap Extended,2018-10-01,2020-06-01
SKY,Small Cap Extended,2020-07-01,2020-08-01
SKY,Small Cap Extended,2021-09-01,2026-02-01
SKYT,Small Cap Extended,2025-12-01,2026-02-01
SKYW,Small Cap Extended,2018-10-01,2021-01-01
SKYW,Small Cap Extended,2022-05-01,2022-06-01
SKYW,Small Cap Extended,2023-06-01,2026-01-01
SLCA,Small Cap Extended,2018-09-01,2019-11-01
SLCA,Small Cap Extended,2020-01-01,2020-02-01
SLCA,Small Cap Extended,2022-05-01,2022-08-01
SLCA,Small Cap Extended,2024-07-01,2024-09-01
SLDB,Small Cap Extended,2019-03-01,2019-05-01
SLDP,Small Cap Extended,2022-01-01,2022-03-01
SLDP,Small Cap Extended,2025-11-01,2026-01-01
SLGG,Mid Cap Extended,2021-04-01,2021-07-01
SLGN,Small Cap Extended,2019-03-01,2021-01-01
SLGN,Small Cap Extended,2022-04-01,2026-02-01
SLI,Small Cap Extended,2021-12-01,2022-02-01
SLM,Small Cap Extended,2018-09-01,2026-02-01
SLNO,Small Cap Extended,2023-10-01,2024-01-01
SLNO,Small Cap Extended,2024-06-01,2026-02-01
SLQT,Small Cap Extended,2020-08-01,2022-01-01
SLRN,Small Cap Extended,2023-08-01,2024-01-01
SLS,Mid Cap Extended,2021-01-01,2021-04-01
SLVM,Small Cap Extended,2021-12-01,2022-01-01
SLVM,Small Cap Extended,2022-08-01,2023-06-01
SLVM,Small Cap Extended,2024-05-01,2025-07-01
SLXN,Small Cap Extended,2025-02-01,2025-05-01
SM,Mid Cap Extended,2018-09-01,2020-04-01
SM,Mid Cap Extended,2021-01-01,2026-02-01
SMA,Small Cap Extended,2025-06-01,2025-08-01
SMAR,Mid Cap Extended,2019-01-01,2025-03-01
SMFG,Small Cap Extended,2019-01-01,2019-04-01
SMFG,Small Cap Extended,2019-09-01,2019-12-01
SMFG,Small Cap Extended,2023-01-01,2023-08-01
SMFG,Small Cap Extended,2023-11-01,2024-04-01
SMFG,Small Cap Extended,2025-05-01,2026-02-01
SMG,Small Cap Extended,2018-09-01,2026-02-01
SMMT,Mid Cap Extended,2024-06-01,2026-02-01
SMPL,Small Cap Extended,2018-09-01,2018-10-01
SMPL,Small Cap Extended,2018-11-01,2019-02-01
SMPL,Small Cap Extended,2019-08-01,2020-11-01
SMPL,Small Cap Extended,2020-12-01,2021-04-01
SMPL,Small Cap Extended,2022-04-01,2026-02-01
SMR,Mid Cap Extended,2024-04-01,2026-02-01
SMTC,Small Cap Extended,2018-09-01,2021-05-01
SMTC,Small Cap Extended,2021-06-01,2026-02-01
SMX,Small Cap Extended,2025-12-01,2026-02-01
SN,Mid Cap Extended,2023-09-01,2026-02-01
SNAP,Mid Cap Extended,2018-09-01,2026-02-01
SNBR,Small Cap Extended,2018-09-01,2022-09-01
SNBR,Small Cap Extended,2022-10-01,2022-11-01
SNBR,Small Cap Extended,2023-08-01,2023-11-01
SNDL,Mid Cap Extended,2020-12-01,2021-01-01
SNDL,Mid Cap Extended,2021-02-01,2022-02-01
SNDL,Mid Cap Extended,2022-03-01,2022-05-01
SNDR,Small Cap Extended,2018-09-01,2019-05-01
SNDR,Small Cap Extended,2019-06-01,2020-01-01
SNDR,Small Cap Extended,2020-06-01,2020-08-01
SNDR,Small Cap Extended,2022-06-01,2022-08-01
SNDR,Small Cap Extended,2024-04-01,2024-06-01
SNDR,Small Cap Extended,2024-08-01,2024-11-01
SNDR,Small Cap Extended,2025-02-01,2025-04-01
SNDX,Small Cap Extended,2020-06-01,2020-08-01
SNDX,Small Cap Extended,2022-11-01,2023-09-01
SNDX,Small Cap Extended,2023-10-01,2024-11-01
SNDX,Small Cap Extended,2024-12-01,2025-08-01
SNDX,Small Cap Extended,2025-09-01,2026-02-01
SNH,Small Cap Extended,2018-09-01,2020-02-01
SNN,Small Cap Extended,2018-09-01,2018-10-01
SNN,Small Cap Extended,2018-12-01,2020-09-01
SNN,Small Cap Extended,2021-07-01,2021-09-01
SNN,Small Cap Extended,2022-05-01,2022-07-01
SNN,Small Cap Extended,2022-09-01,2025-01-01
SNN,Small Cap Extended,2025-07-01,2025-11-01
SNOW,Mid Cap Extended,2020-12-01,2026-02-01
SNV,Small Cap Extended,2018-09-01,2026-02-01
SNX,Mid Cap Extended,2018-09-01,2026-02-01
SNY,Mid Cap Extended,2018-09-01,2026-02-01
SOBO,Small Cap Extended,2025-06-01,2025-07-01
SOC,Small Cap Extended,2024-11-01,2025-12-01
SODA,Mid Cap Extended,2018-09-01,2019-01-01
SOFI,Mid Cap Extended,2021-07-01,2022-10-01
SOFI,Mid Cap Extended,2022-11-01,2022-12-01
SOFI,Mid Cap Extended,2023-02-01,2026-02-01
SOGO,Small Cap Extended,2018-09-01,2018-12-01
SOGO,Small Cap Extended,2020-08-01,2020-11-01
SOL,Small Cap Extended,2021-01-01,2021-07-01
SOLO,Mid Cap Extended,2020-12-01,2021-04-01
SON,Small Cap Extended,2018-09-01,2021-03-01
SON,Small Cap Extended,2021-10-01,2026-02-01
SONC,Mid Cap Extended,2018-09-01,2019-01-01
SONN,Small Cap Extended,2020-09-01,2020-11-01
SONO,Small Cap Extended,2018-10-01,2019-08-01
SONO,Small Cap Extended,2019-09-01,2025-06-01
SONY,Mid Cap Extended,2021-05-01,2026-02-01
SOUN,Mid Cap Extended,2024-03-01,2024-05-01
SOUN,Mid Cap Extended,2024-06-01,2024-07-01
SOUN,Mid Cap Extended,2024-08-01,2024-09-01
SOUN,Mid Cap Extended,2024-11-01,2026-02-01
SOVO,Small Cap Extended,2023-09-01,2024-04-01
SPB,Small Cap Extended,2018-09-01,2021-03-01
SPB,Small Cap Extended,2021-08-01,2025-10-01
SPCE,Mid Cap Extended,2019-12-01,2024-04-01
SPCE,Mid Cap Extended,2024-06-01,2024-10-01
SPHR,Small Cap Extended,2023-09-01,2026-02-01
SPLG,Mid Cap Extended,2018-09-01,2025-12-01
SPLK,Mid Cap Extended,2018-09-01,2024-05-01
SPOT,Mid Cap Extended,2018-09-01,2026-02-01
SPPI,Small Cap Extended,2018-09-01,2019-05-01
SPR,Mid Cap Extended,2018-09-01,2026-01-01
SPRY,Small Cap Extended,2025-06-01,2025-07-01
SPRY,Small Cap Extended,2025-09-01,2025-11-01
SPT,Small Cap Extended,2020-09-01,2024-10-01
SPWH,Small Cap Extended,2020-10-01,2021-04-01
SQ,Mid Cap Extended,2018-09-01,2025-03-01
SQM,Small Cap Extended,2018-09-01,2026-02-01
SQSP,Small Cap Extended,2021-08-01,2021-09-01
SQSP,Small Cap Extended,2023-04-01,2024-12-01
SRAD,Small Cap Extended,2025-05-01,2026-02-01
SRC,Small Cap Extended,2018-09-01,2024-03-01
SRCI,Small Cap Extended,2018-09-01,2019-01-01
SRCI,Small Cap Extended,2019-04-01,2019-06-01
SRCI,Small Cap Extended,2019-09-01,2019-10-01
SRG,Small Cap Extended,2018-09-01,2019-05-01
SRG,Small Cap Extended,2020-05-01,2020-10-01
SRG,Small Cap Extended,2022-08-01,2022-11-01
SRNE,Mid Cap Extended,2020-06-01,2022-01-01
SRNG,Small Cap Extended,2021-09-01,2021-11-01
SRPT,Mid Cap Extended,2018-09-01,2026-02-01
SSL,Small Cap Extended,2020-07-01,2020-10-01
SSNC,Mid Cap Extended,2018-09-01,2026-02-01
SSRM,Small Cap Extended,2019-04-01,2019-07-01
SSRM,Small Cap Extended,2019-08-01,2021-08-01
SSRM,Small Cap Extended,2022-02-01,2023-10-01
SSRM,Small Cap Extended,2023-12-01,2024-03-01
SSRM,Small Cap Extended,2024-05-01,2024-07-01
SSRM,Small Cap Extended,2025-03-01,2026-02-01
SSYS,Small Cap Extended,2018-09-01,2018-12-01
SSYS,Small Cap Extended,2019-02-01,2020-01-01
SSYS,Small Cap Extended,2020-04-01,2020-10-01
SSYS,Small Cap Extended,2021-01-01,2021-10-01
SSYS,Small Cap Extended,2021-11-01,2022-03-01
SSYS,Small Cap Extended,2023-08-01,2023-11-01
ST,Mid Cap Extended,2018-09-01,2026-02-01
STAA,Small Cap Extended,2018-09-01,2019-10-01
STAA,Small Cap Extended,2019-12-01,2025-01-01
STAA,Small Cap Extended,2025-09-01,2025-12-01
STAG,Small Cap Extended,2018-09-01,2026-02-01
STAR,Small Cap Extended,2020-03-01,2020-06-01
STAY,Small Cap Extended,2018-09-01,2021-01-01
STAY,Small Cap Extended,2021-04-01,2021-08-01
STEM,Small Cap Extended,2021-06-01,2024-01-01
STEP,Small Cap Extended,2024-07-01,2026-02-01
STL,Small Cap Extended,2018-09-01,2022-03-01
STLA,Mid Cap Extended,2021-03-01,2026-02-01
STM,Mid Cap Extended,2018-09-01,2026-02-01
STML,Small Cap Extended,2020-06-01,2020-07-01
STNE,Mid Cap Extended,2019-01-01,2026-02-01
STNG,Small Cap Extended,2019-02-01,2020-12-01
STNG,Small Cap Extended,2022-06-01,2026-02-01
STOR,Mid Cap Extended,2018-09-01,2023-03-01
STRC,Small Cap Extended,2025-10-01,2026-02-01
STRF,Small Cap Extended,2025-08-01,2025-10-01
STRK,Small Cap Extended,2025-05-01,2025-06-01
STRK,Small Cap Extended,2025-07-01,2025-10-01
STUB,Small Cap Extended,2025-12-01,2026-02-01
STWD,Small Cap Extended,2018-09-01,2026-02-01
SU,Mid Cap Extended,2018-09-01,2026-02-01
SUI,Mid Cap Extended,2018-09-01,2026-02-01
SUM,Small Cap Extended,2018-09-01,2022-01-01
SUM,Small Cap Extended,2022-02-01,2022-03-01
SUM,Small Cap Extended,2022-04-01,2022-09-01
SUM,Small Cap Extended,2022-10-01,2025-03-01
SUMO,Small Cap Extended,2020-12-01,2021-10-01
SUMO,Small Cap Extended,2023-03-01,2023-06-01
SUN,Small Cap Extended,2024-01-01,2024-12-01
SUN,Small Cap Extended,2025-02-01,2025-06-01
SUNW,Mid Cap Extended,2020-12-01,2021-08-01
SUPN,Small Cap Extended,2018-09-01,2020-06-01
SUPN,Small Cap Extended,2023-03-01,2023-07-01
SUPN,Small Cap Extended,2025-09-01,2026-02-01
SUPV,Small Cap Extended,2018-09-01,2018-12-01
SUZ,Small Cap Extended,2024-06-01,2024-09-01
SVC,Small Cap Extended,2019-11-01,2020-10-01
SVM,Small Cap Extended,2025-10-01,2026-02-01
SVMK,Small Cap Extended,2018-12-01,2019-01-01
SVMK,Small Cap Extended,2019-03-01,2021-04-01
SVV,Small Cap Extended,2023-09-01,2023-10-01
SWAV,Mid Cap Extended,2019-06-01,2024-07-01
SWBI,Small Cap Extended,2020-07-01,2021-05-01
SWBI,Small Cap Extended,2021-07-01,2021-11-01
SWCH,Small Cap Extended,2018-09-01,2018-12-01
SWCH,Small Cap Extended,2019-04-01,2023-01-01
SWI,Small Cap Extended,2019-06-01,2019-10-01
SWI,Small Cap Extended,2020-05-01,2020-06-01
SWI,Small Cap Extended,2021-01-01,2021-04-01
SWTX,Small Cap Extended,2020-11-01,2021-06-01
SWTX,Small Cap Extended,2022-01-01,2023-09-01
SWTX,Small Cap Extended,2023-12-01,2025-08-01
SY,Small Cap Extended,2019-07-01,2019-09-01
SYM,Mid Cap Extended,2023-06-01,2026-02-01
SYNA,Small Cap Extended,2018-09-01,2025-10-01
SYNH,Mid Cap Extended,2018-09-01,2023-11-01
SYTA,Small Cap Extended,2022-01-01,2022-02-01
SYTA,Small Cap Extended,2025-06-01,2025-09-01
TAK,Small Cap Extended,2019-03-01,2025-03-01
TAK,Small Cap Extended,2025-04-01,2026-02-01
TAL,Mid Cap Extended,2018-09-01,2021-10-01
TAL,Mid Cap Extended,2021-12-01,2022-01-01
TAL,Mid Cap Extended,2022-09-01,2022-10-01
TAL,Mid Cap Extended,2022-12-01,2026-02-01
TALO,Small Cap Extended,2020-02-01,2020-03-01
TALO,Small Cap Extended,2022-06-01,2025-01-01
TASK,Small Cap Extended,2021-10-01,2022-04-01
TBBB,Small Cap Extended,2024-05-01,2024-09-01
TBBB,Small Cap Extended,2024-11-01,2025-02-01
TBBB,Small Cap Extended,2025-03-01,2025-06-01
TBIL,Mid Cap Extended,2023-06-01,2026-02-01
TBLT,Mid Cap Extended,2022-08-01,2022-11-01
TCBI,Small Cap Extended,2018-09-01,2026-02-01
TCDA,Small Cap Extended,2019-05-01,2019-08-01
TCDA,Small Cap Extended,2020-02-01,2020-03-01
TCF,Small Cap Extended,2018-09-01,2021-07-01
TCN,Mid Cap Extended,2024-02-01,2024-06-01
TCO,Small Cap Extended,2018-09-01,2021-02-01
TCOM,Mid Cap Extended,2019-12-01,2026-02-01
TD,Mid Cap Extended,2018-09-01,2026-02-01
TDOC,Mid Cap Extended,2018-09-01,2026-02-01
TDS,Small Cap Extended,2018-09-01,2020-08-01
TDS,Small Cap Extended,2021-06-01,2021-10-01
TDS,Small Cap Extended,2022-01-01,2022-04-01
TDS,Small Cap Extended,2022-12-01,2024-04-01
TDS,Small Cap Extended,2024-06-01,2026-02-01
TDW,Small Cap Extended,2022-12-01,2026-02-01
TEAM,Mid Cap Extended,2018-09-01,2026-02-01
TECK,Mid Cap Extended,2018-09-01,2026-02-01
TEF,Small Cap Extended,2019-06-01,2019-08-01
TELL,Small Cap Extended,2018-11-01,2019-01-01
TELL,Small Cap Extended,2019-02-01,2019-12-01
TELL,Small Cap Extended,2022-04-01,2022-05-01
TEM,Mid Cap Extended,2024-09-01,2026-02-01
TENB,Small Cap Extended,2018-10-01,2019-01-01
TENB,Small Cap Extended,2019-03-01,2026-02-01
TERN,Small Cap Extended,2025-12-01,2026-02-01
TERP,Small Cap Extended,2019-09-01,2020-09-01
TEVA,Mid Cap Extended,2018-09-01,2026-02-01
TEX,Small Cap Extended,2018-09-01,2020-09-01
TEX,Small Cap Extended,2020-11-01,2021-02-01
TEX,Small Cap Extended,2021-06-01,2022-02-01
TEX,Small Cap Extended,2022-03-01,2026-02-01
TGI,Small Cap Extended,2018-09-01,2019-09-01
TGI,Small Cap Extended,2019-12-01,2020-03-01
TGI,Small Cap Extended,2020-06-01,2021-01-01
TGI,Small Cap Extended,2025-03-01,2025-09-01
TGTX,Mid Cap Extended,2018-09-01,2018-11-01
TGTX,Mid Cap Extended,2019-04-01,2019-09-01
TGTX,Mid Cap Extended,2020-01-01,2022-06-01
TGTX,Mid Cap Extended,2022-09-01,2026-02-01
THBR,Small Cap Extended,2021-02-01,2021-04-01
THCB,Small Cap Extended,2021-01-01,2021-06-01
THO,Mid Cap Extended,2018-09-01,2026-02-01
THS,Small Cap Extended,2018-09-01,2022-01-01
THS,Small Cap Extended,2022-09-01,2023-02-01
THS,Small Cap Extended,2023-07-01,2024-07-01
THS,Small Cap Extended,2024-12-01,2025-02-01
TIC,Small Cap Extended,2025-10-01,2026-02-01
TIGR,Small Cap Extended,2019-07-01,2019-08-01
TIGR,Small Cap Extended,2021-02-01,2022-01-01
TIGR,Small Cap Extended,2024-11-01,2026-02-01
TIVO,Small Cap Extended,2020-03-01,2020-05-01
TKR,Small Cap Extended,2018-09-01,2026-02-01
TLN,Mid Cap Extended,2024-10-01,2026-02-01
TLND,Small Cap Extended,2018-09-01,2019-06-01
TLND,Small Cap Extended,2019-10-01,2019-12-01
TLND,Small Cap Extended,2020-04-01,2020-06-01
TLND,Small Cap Extended,2021-05-01,2021-08-01
TLRD,Small Cap Extended,2018-09-01,2019-06-01
TLRD,Small Cap Extended,2019-07-01,2019-08-01
TLRD,Small Cap Extended,2019-09-01,2019-10-01
TLRD,Small Cap Extended,2019-12-01,2020-01-01
TLRY,Mid Cap Extended,2018-10-01,2025-05-01
TLRY,Mid Cap Extended,2025-09-01,2026-02-01
TLS,Small Cap Extended,2021-02-01,2021-04-01
TLS,Small Cap Extended,2021-06-01,2021-08-01
TLS,Small Cap Extended,2021-10-01,2022-01-01
TMC,Small Cap Extended,2025-07-01,2026-02-01
TMDX,Mid Cap Extended,2021-05-01,2021-06-01
TMDX,Mid Cap Extended,2022-10-01,2026-02-01
TME,Mid Cap Extended,2019-03-01,2022-04-01
TME,Mid Cap Extended,2022-12-01,2026-02-01
TMHC,Small Cap Extended,2018-09-01,2026-02-01
TMX,Small Cap Extended,2020-11-01,2022-11-01
TNDM,Mid Cap Extended,2018-09-01,2025-11-01
TNDM,Mid Cap Extended,2025-12-01,2026-02-01
TNGX,Small Cap Extended,2023-11-01,2023-12-01
TNK,Small Cap Extended,2020-02-01,2020-09-01
TNK,Small Cap Extended,2023-05-01,2023-08-01
TNK,Small Cap Extended,2023-11-01,2024-06-01
TNK,Small Cap Extended,2024-07-01,2024-08-01
TNK,Small Cap Extended,2025-07-01,2025-08-01
TNL,Small Cap Extended,2021-04-01,2026-02-01
TNXP,Small Cap Extended,2020-08-01,2020-11-01
TNXP,Small Cap Extended,2021-03-01,2021-06-01
TNXP,Small Cap Extended,2022-08-01,2022-09-01
TNXP,Small Cap Extended,2025-01-01,2025-12-01
TOL,Mid Cap Extended,2018-09-01,2026-02-01
TOPS,Small Cap Extended,2020-07-01,2020-08-01
TOPS,Small Cap Extended,2020-09-01,2020-10-01
TOPS,Small Cap Extended,2023-01-01,2023-02-01
TOST,Mid Cap Extended,2021-12-01,2026-02-01
TPG,Small Cap Extended,2022-04-01,2022-05-01
TPG,Small Cap Extended,2022-12-01,2023-03-01
TPG,Small Cap Extended,2023-12-01,2026-02-01
TPGY,Small Cap Extended,2021-02-01,2021-06-01
TPH,Small Cap Extended,2018-09-01,2023-01-01
TPH,Small Cap Extended,2023-04-01,2025-12-01
TPIC,Small Cap Extended,2019-06-01,2019-10-01
TPIC,Small Cap Extended,2019-11-01,2019-12-01
TPIC,Small Cap Extended,2020-04-01,2020-05-01
TPIC,Small Cap Extended,2020-11-01,2021-10-01
TPIC,Small Cap Extended,2021-12-01,2022-02-01
TPTX,Small Cap Extended,2019-11-01,2022-02-01
TPTX,Small Cap Extended,2022-06-01,2022-10-01
TPX,Mid Cap Extended,2018-09-01,2025-04-01
TRCO,Mid Cap Extended,2018-09-01,2019-11-01
TREX,Mid Cap Extended,2018-09-01,2026-02-01
TRI,Small Cap Extended,2018-09-01,2026-02-01
TRIT,Small Cap Extended,2021-02-01,2021-04-01
TRKA,Small Cap Extended,2023-04-01,2023-05-01
TRMD,Small Cap Extended,2024-06-01,2024-09-01
TRMD,Small Cap Extended,2024-11-01,2025-03-01
TRN,Small Cap Extended,2018-09-01,2021-01-01
TRN,Small Cap Extended,2021-07-01,2021-09-01
TRN,Small Cap Extended,2022-05-01,2022-06-01
TRN,Small Cap Extended,2022-07-01,2022-10-01
TRNE,Small Cap Extended,2020-11-01,2020-12-01
TRNO,Small Cap Extended,2018-09-01,2018-10-01
TRNO,Small Cap Extended,2019-01-01,2019-04-01
TRNO,Small Cap Extended,2019-06-01,2021-01-01
TRNO,Small Cap Extended,2021-12-01,2026-02-01
TROX,Small Cap Extended,2018-09-01,2019-04-01
TROX,Small Cap Extended,2019-05-01,2019-11-01
TROX,Small Cap Extended,2020-02-01,2020-03-01
TROX,Small Cap Extended,2021-05-01,2021-06-01
TROX,Small Cap Extended,2021-07-01,2022-02-01
TROX,Small Cap Extended,2022-04-01,2022-05-01
TRP,Mid Cap Extended,2019-08-01,2026-02-01
TRQ,Small Cap Extended,2022-04-01,2023-02-01
TRTN,Small Cap Extended,2018-10-01,2019-07-01
TRTN,Small Cap Extended,2020-10-01,2021-02-01
TRTN,Small Cap Extended,2021-05-01,2021-09-01
TRTN,Small Cap Extended,2022-03-01,2023-11-01
TRU,Mid Cap Extended,2018-09-01,2026-02-01
TRUE,Small Cap Extended,2018-09-01,2018-10-01
TRUE,Small Cap Extended,2019-07-01,2019-09-01
TRUP,Small Cap Extended,2018-09-01,2019-02-01
TRUP,Small Cap Extended,2020-04-01,2020-05-01
TRUP,Small Cap Extended,2020-09-01,2025-10-01
TRVN,Small Cap Extended,2020-09-01,2020-12-01
TRXC,Small Cap Extended,2018-09-01,2019-02-01
TS,Mid Cap Extended,2018-09-01,2021-03-01
TS,Mid Cap Extended,2021-04-01,2026-02-01
TSE,Small Cap Extended,2018-09-01,2020-03-01
TSE,Small Cap Extended,2020-04-01,2020-05-01
TSE,Small Cap Extended,2021-01-01,2021-02-01
TSEM,Small Cap Extended,2018-09-01,2018-11-01
TSEM,Small Cap Extended,2019-03-01,2019-04-01
TSEM,Small Cap Extended,2022-03-01,2024-06-01
TSEM,Small Cap Extended,2024-12-01,2025-07-01
TSEM,Small Cap Extended,2025-08-01,2026-02-01
TSG,Mid Cap Extended,2018-09-01,2020-06-01
TSM,Mid Cap Extended,2018-09-01,2026-02-01
TSP,Mid Cap Extended,2021-07-01,2022-11-01
TSRO,Mid Cap Extended,2018-09-01,2019-03-01
TSSI,Small Cap Extended,2025-07-01,2026-01-01
TSU,Small Cap Extended,2018-09-01,2019-11-01
TSU,Small Cap Extended,2020-01-01,2020-07-01
TTAN,Mid Cap Extended,2025-03-01,2026-02-01
TTC,Small Cap Extended,2018-09-01,2026-02-01
TTCF,Small Cap Extended,2021-01-01,2022-01-01
TTE,Mid Cap Extended,2021-07-01,2026-02-01
TTM,Small Cap Extended,2018-09-01,2020-04-01
TTM,Small Cap Extended,2020-05-01,2020-11-01
TTM,Small Cap Extended,2021-02-01,2022-08-01
TTM,Small Cap Extended,2022-11-01,2023-03-01
TTMI,Small Cap Extended,2018-09-01,2019-12-01
TTMI,Small Cap Extended,2020-01-01,2020-07-01
TTMI,Small Cap Extended,2020-10-01,2021-02-01
TTMI,Small Cap Extended,2025-07-01,2026-02-01
TTOO,Small Cap Extended,2020-08-01,2020-11-01
TTOO,Small Cap Extended,2021-04-01,2021-05-01
TTOO,Small Cap Extended,2023-09-01,2023-12-01
TU,Small Cap Extended,2019-11-01,2020-01-01
TU,Small Cap Extended,2020-03-01,2020-09-01
TU,Small Cap Extended,2020-11-01,2020-12-01
TU,Small Cap Extended,2022-03-01,2026-02-01
TUP,Small Cap Extended,2018-09-01,2020-03-01
TUP,Small Cap Extended,2020-08-01,2021-04-01
TUP,Small Cap Extended,2021-06-01,2021-07-01
TUYA,Small Cap Extended,2021-06-01,2021-07-01
TV,Small Cap Extended,2018-09-01,2020-03-01
TV,Small Cap Extended,2021-07-01,2021-08-01
TVGN,Small Cap Extended,2024-11-01,2025-02-01
TVPT,Small Cap Extended,2018-09-01,2019-07-01
TVTX,Small Cap Extended,2021-10-01,2021-12-01
TVTX,Small Cap Extended,2022-06-01,2024-01-01
TVTX,Small Cap Extended,2024-11-01,2025-09-01
TVTX,Small Cap Extended,2025-10-01,2026-02-01
TVTY,Small Cap Extended,2018-09-01,2020-07-01
TVTY,Small Cap Extended,2022-05-01,2022-08-01
TW,Mid Cap Extended,2019-06-01,2026-02-01
TWG,Small Cap Extended,2024-11-01,2025-02-01
TWKS,Small Cap Extended,2021-12-01,2022-01-01
TWLO,Mid Cap Extended,2018-09-01,2026-02-01
TWNK,Small Cap Extended,2018-09-01,2018-12-01
TWNK,Small Cap Extended,2019-06-01,2020-08-01
TWNK,Small Cap Extended,2020-11-01,2020-12-01
TWNK,Small Cap Extended,2021-11-01,2023-12-01
TWO,Small Cap Extended,2019-04-01,2019-11-01
TWO,Small Cap Extended,2020-04-01,2020-10-01
TWO,Small Cap Extended,2021-08-01,2021-10-01
TWOU,Mid Cap Extended,2018-09-01,2022-06-01
TWST,Small Cap Extended,2020-03-01,2026-02-01
TX,Small Cap Extended,2021-08-01,2021-12-01
TX,Small Cap Extended,2022-04-01,2022-05-01
TXG,Mid Cap Extended,2019-12-01,2026-02-01
TXMD,Small Cap Extended,2018-09-01,2019-08-01
TXMD,Small Cap Extended,2019-11-01,2019-12-01
TXNM,Small Cap Extended,2024-09-01,2026-02-01
TXRH,Mid Cap Extended,2018-09-01,2026-02-01
U,Mid Cap Extended,2020-12-01,2026-02-01
UA,Mid Cap Extended,2018-09-01,2025-07-01
UAMY,Mid Cap Extended,2025-10-01,2026-02-01
UAVS,Small Cap Extended,2020-06-01,2020-11-01
UAVS,Small Cap Extended,2021-01-01,2021-06-01
UAVS,Small Cap Extended,2024-12-01,2025-01-01
UBNT,Mid Cap Extended,2018-09-01,2019-10-01
UBS,Small Cap Extended,2018-09-01,2026-02-01
UBSI,Small Cap Extended,2018-09-01,2020-09-01
UBSI,Small Cap Extended,2020-11-01,2021-01-01
UBSI,Small Cap Extended,2022-03-01,2024-05-01
UBSI,Small Cap Extended,2025-04-01,2025-10-01
UE,Small Cap Extended,2018-11-01,2019-01-01
UE,Small Cap Extended,2019-02-01,2019-08-01
UE,Small Cap Extended,2019-09-01,2020-07-01
UE,Small Cap Extended,2023-11-01,2024-01-01
UEC,Mid Cap Extended,2023-10-01,2025-04-01
UEC,Mid Cap Extended,2025-05-01,2026-02-01
UFS,Small Cap Extended,2018-09-01,2021-02-01
UFS,Small Cap Extended,2021-05-01,2021-11-01
UGI,Small Cap Extended,2018-09-01,2026-02-01
UIS,Small Cap Extended,2018-09-01,2019-03-01
UIS,Small Cap Extended,2020-03-01,2020-06-01
UL,Mid Cap Extended,2018-09-01,2026-02-01
ULCC,Small Cap Extended,2022-05-01,2022-11-01
ULS,Small Cap Extended,2024-07-01,2026-02-01
UMAC,Small Cap Extended,2024-12-01,2025-04-01
UMAC,Small Cap Extended,2025-08-01,2026-02-01
UMC,Mid Cap Extended,2021-01-01,2022-10-01
UMC,Mid Cap Extended,2022-11-01,2026-02-01
UMPQ,Small Cap Extended,2018-09-01,2021-02-01
UMPQ,Small Cap Extended,2021-06-01,2021-07-01
UMPQ,Small Cap Extended,2021-08-01,2023-04-01
UNFI,Small Cap Extended,2018-09-01,2019-08-01
UNFI,Small Cap Extended,2019-11-01,2020-02-01
UNFI,Small Cap Extended,2020-04-01,2022-10-01
UNFI,Small Cap Extended,2022-11-01,2023-10-01
UNFI,Small Cap Extended,2025-07-01,2026-02-01
UNIT,Small Cap Extended,2018-09-01,2019-09-01
UNIT,Small Cap Extended,2019-10-01,2019-11-01
UNIT,Small Cap Extended,2020-01-01,2020-02-01
UNIT,Small Cap Extended,2020-03-01,2020-04-01
UNIT,Small Cap Extended,2020-06-01,2020-08-01
UNIT,Small Cap Extended,2021-01-01,2021-02-01
UNVR,Mid Cap Extended,2018-09-01,2021-03-01
UNVR,Mid Cap Extended,2021-06-01,2021-09-01
UNVR,Mid Cap Extended,2021-12-01,2023-09-01
UPST,Mid Cap Extended,2021-03-01,2026-02-01
UPWK,Small Cap Extended,2018-12-01,2019-02-01
UPWK,Small Cap Extended,2019-05-01,2023-04-01
UPWK,Small Cap Extended,2023-05-01,2026-02-01
USAR,Mid Cap Extended,2025-07-01,2026-02-01
USCR,Small Cap Extended,2018-09-01,2019-07-01
USCR,Small Cap Extended,2019-11-01,2020-01-01
USCR,Small Cap Extended,2021-07-01,2021-10-01
USER,Small Cap Extended,2023-01-01,2023-02-01
USFD,Mid Cap Extended,2018-09-01,2026-02-01
UTHR,Mid Cap Extended,2018-09-01,2026-02-01
UUUU,Small Cap Extended,2021-05-01,2021-07-01
UUUU,Small Cap Extended,2021-10-01,2022-03-01
UUUU,Small Cap Extended,2022-04-01,2022-07-01
UUUU,Small Cap Extended,2022-08-01,2022-12-01
UUUU,Small Cap Extended,2023-10-01,2024-08-01
UUUU,Small Cap Extended,2024-12-01,2025-03-01
UUUU,Small Cap Extended,2025-07-01,2026-02-01
UWMC,Small Cap Extended,2021-04-01,2021-09-01
UWMC,Small Cap Extended,2025-09-01,2026-01-01
UXIN,Small Cap Extended,2018-09-01,2018-10-01
UXIN,Small Cap Extended,2019-01-01,2019-08-01
UXIN,Small Cap Extended,2021-05-01,2021-09-01
VAC,Small Cap Extended,2018-09-01,2025-11-01
VAC,Small Cap Extended,2025-12-01,2026-02-01
VAL,Mid Cap Extended,2020-01-01,2020-03-01
VAL,Mid Cap Extended,2022-05-01,2026-02-01
VALE,Mid Cap Extended,2018-09-01,2020-04-01
VALE,Mid Cap Extended,2020-06-01,2026-02-01
VBIV,Small Cap Extended,2020-06-01,2021-01-01
VBIV,Small Cap Extended,2021-03-01,2021-04-01
VCEL,Small Cap Extended,2018-09-01,2018-10-01
VCEL,Small Cap Extended,2018-12-01,2019-07-01
VCEL,Small Cap Extended,2021-04-01,2021-09-01
VCEL,Small Cap Extended,2024-02-01,2024-07-01
VCEL,Small Cap Extended,2025-02-01,2025-03-01
VCEL,Small Cap Extended,2025-04-01,2025-05-01
VCIG,Small Cap Extended,2023-07-01,2023-10-01
VCIG,Small Cap Extended,2025-01-01,2025-04-01
VCYT,Small Cap Extended,2019-04-01,2020-05-01
VCYT,Small Cap Extended,2020-09-01,2023-09-01
VCYT,Small Cap Extended,2024-09-01,2026-02-01
VECO,Small Cap Extended,2023-11-01,2023-12-01
VECO,Small Cap Extended,2024-07-01,2025-01-01
VEON,Small Cap Extended,2019-05-01,2020-06-01
VER,Mid Cap Extended,2018-09-01,2021-12-01
VERA,Small Cap Extended,2024-02-01,2026-02-01
VERB,Small Cap Extended,2021-08-01,2021-11-01
VERI,Small Cap Extended,2020-08-01,2020-10-01
VERI,Small Cap Extended,2021-01-01,2021-05-01
VERI,Small Cap Extended,2025-11-01,2025-12-01
VERU,Mid Cap Extended,2021-01-01,2021-06-01
VERU,Mid Cap Extended,2022-05-01,2023-03-01
VERV,Small Cap Extended,2021-10-01,2021-11-01
VERV,Small Cap Extended,2022-08-01,2023-04-01
VERV,Small Cap Extended,2023-12-01,2024-03-01
VERV,Small Cap Extended,2025-07-01,2025-09-01
VERX,Small Cap Extended,2020-10-01,2020-11-01
VERX,Small Cap Extended,2024-05-01,2026-02-01
VET,Small Cap Extended,2019-10-01,2020-04-01
VET,Small Cap Extended,2022-03-01,2023-06-01
VET,Small Cap Extended,2023-11-01,2023-12-01
VFF,Small Cap Extended,2019-05-01,2019-08-01
VFF,Small Cap Extended,2021-02-01,2021-06-01
VFS,Mid Cap Extended,2023-09-01,2024-04-01
VG,Small Cap Extended,2018-09-01,2022-09-01
VG,Small Cap Extended,2025-03-01,2026-02-01
VGAC,Small Cap Extended,2021-02-01,2021-06-01
VGR,Small Cap Extended,2019-09-01,2019-11-01
VGR,Small Cap Extended,2024-09-01,2024-11-01
VIAV,Small Cap Extended,2018-09-01,2024-06-01
VIAV,Small Cap Extended,2025-03-01,2025-06-01
VIAV,Small Cap Extended,2025-09-01,2026-02-01
VIK,Mid Cap Extended,2024-07-01,2026-02-01
VIPS,Mid Cap Extended,2018-09-01,2018-11-01
VIPS,Mid Cap Extended,2018-12-01,2019-01-01
VIPS,Mid Cap Extended,2019-02-01,2026-02-01
VIR,Small Cap Extended,2020-03-01,2023-12-01
VIRT,Small Cap Extended,2018-09-01,2020-01-01
VIRT,Small Cap Extended,2020-02-01,2021-12-01
VIRT,Small Cap Extended,2022-02-01,2023-09-01
VIRT,Small Cap Extended,2024-04-01,2026-02-01
VISL,Small Cap Extended,2020-07-01,2020-10-01
VISL,Small Cap Extended,2021-03-01,2021-06-01
VIST,Small Cap Extended,2023-09-01,2024-03-01
VIST,Small Cap Extended,2024-05-01,2026-02-01
VITL,Small Cap Extended,2020-10-01,2020-11-01
VITL,Small Cap Extended,2024-06-01,2026-02-01
VIV,Small Cap Extended,2018-11-01,2020-07-01
VIVO,Mid Cap Extended,2020-10-01,2021-02-01
VKTX,Mid Cap Extended,2018-09-01,2019-09-01
VKTX,Mid Cap Extended,2023-01-01,2026-02-01
VLDR,Mid Cap Extended,2020-12-01,2021-10-01
VLTA,Small Cap Extended,2021-12-01,2022-02-01
VLY,Small Cap Extended,2018-09-01,2020-09-01
VLY,Small Cap Extended,2021-05-01,2021-07-01
VLY,Small Cap Extended,2021-10-01,2021-12-01
VLY,Small Cap Extended,2022-02-01,2026-02-01
VMEO,Small Cap Extended,2021-08-01,2022-06-01
VMW,Mid Cap Extended,2018-09-01,2024-01-01
VNDA,Small Cap Extended,2018-10-01,2019-10-01
VNE,Small Cap Extended,2018-09-01,2019-10-01
VNE,Small Cap Extended,2021-09-01,2022-05-01
VNET,Small Cap Extended,2020-06-01,2021-11-01
VNET,Small Cap Extended,2022-04-01,2022-06-01
VNET,Small Cap Extended,2025-03-01,2026-02-01
VNOM,Small Cap Extended,2018-09-01,2019-06-01
VNOM,Small Cap Extended,2024-01-01,2026-02-01
VOD,Mid Cap Extended,2018-09-01,2026-02-01
VOYA,Mid Cap Extended,2018-09-01,2026-02-01
VOYG,Small Cap Extended,2025-09-01,2025-11-01
VOYG,Small Cap Extended,2025-12-01,2026-02-01
VRAY,Small Cap Extended,2018-09-01,2019-01-01
VRDN,Small Cap Extended,2022-11-01,2022-12-01
VRDN,Small Cap Extended,2023-02-01,2023-09-01
VRDN,Small Cap Extended,2024-02-01,2024-05-01
VRDN,Small Cap Extended,2024-10-01,2025-04-01
VRDN,Small Cap Extended,2025-12-01,2026-02-01
VRM,Mid Cap Extended,2020-09-01,2022-11-01
VRN,Small Cap Extended,2024-08-01,2024-09-01
VRN,Small Cap Extended,2024-10-01,2025-02-01
VRN,Small Cap Extended,2025-03-01,2025-06-01
VRNS,Small Cap Extended,2018-09-01,2026-02-01
VRNT,Small Cap Extended,2018-09-01,2023-04-01
VRNT,Small Cap Extended,2023-05-01,2023-08-01
VRNT,Small Cap Extended,2023-10-01,2024-01-01
VRNT,Small Cap Extended,2024-07-01,2024-12-01
VRNT,Small Cap Extended,2025-01-01,2025-02-01
VRNT,Small Cap Extended,2025-08-01,2026-01-01
VRRM,Small Cap Extended,2019-07-01,2020-08-01
VRRM,Small Cap Extended,2022-09-01,2025-08-01
VSAT,Small Cap Extended,2018-09-01,2021-08-01
VSAT,Small Cap Extended,2021-12-01,2022-03-01
VSAT,Small Cap Extended,2022-11-01,2023-02-01
VSAT,Small Cap Extended,2023-04-01,2026-02-01
VSCO,Mid Cap Extended,2021-10-01,2026-02-01
VSH,Small Cap Extended,2018-09-01,2020-12-01
VSH,Small Cap Extended,2021-06-01,2021-08-01
VSH,Small Cap Extended,2022-08-01,2025-10-01
VSLR,Small Cap Extended,2020-05-01,2020-07-01
VSLR,Small Cap Extended,2020-08-01,2020-11-01
VSM,Mid Cap Extended,2018-09-01,2019-11-01
VSTM,Small Cap Extended,2018-09-01,2019-02-01
VSTM,Small Cap Extended,2020-06-01,2020-08-01
VSTO,Small Cap Extended,2020-07-01,2021-11-01
VSTO,Small Cap Extended,2021-12-01,2023-03-01
VSTO,Small Cap Extended,2023-11-01,2024-03-01
VSTO,Small Cap Extended,2024-07-01,2025-01-01
VSTS,Small Cap Extended,2023-12-01,2025-07-01
VTGN,Small Cap Extended,2023-09-01,2023-11-01
VTLE,Small Cap Extended,2023-04-01,2025-08-01
VTLE,Small Cap Extended,2025-09-01,2025-10-01
VTNR,Small Cap Extended,2021-06-01,2021-10-01
VTNR,Small Cap Extended,2022-05-01,2023-08-01
VTYX,Small Cap Extended,2022-10-01,2023-12-01
VTYX,Small Cap Extended,2024-04-01,2024-05-01
VUZI,Small Cap Extended,2021-02-01,2021-11-01
VUZI,Small Cap Extended,2021-12-01,2022-03-01
VVNT,Small Cap Extended,2023-02-01,2023-04-01
VVV,Small Cap Extended,2018-09-01,2026-02-01
VWAV,Small Cap Extended,2025-10-01,2025-11-01
VXRT,Mid Cap Extended,2020-07-01,2020-11-01
VXRT,Mid Cap Extended,2020-12-01,2022-02-01
VYGR,Small Cap Extended,2019-07-01,2019-09-01
VYX,Small Cap Extended,2023-11-01,2024-12-01
VZIO,Small Cap Extended,2024-03-01,2025-01-01
W,Mid Cap Extended,2018-09-01,2026-02-01
WAGE,Small Cap Extended,2018-09-01,2019-10-01
WAIR,Small Cap Extended,2019-11-01,2019-12-01
WAL,Mid Cap Extended,2018-09-01,2026-02-01
WATT,Small Cap Extended,2019-03-01,2019-04-01
WATT,Small Cap Extended,2021-03-01,2021-06-01
WAY,Small Cap Extended,2024-09-01,2024-10-01
WAY,Small Cap Extended,2024-11-01,2026-02-01
WB,Mid Cap Extended,2018-09-01,2022-06-01
WB,Mid Cap Extended,2022-07-01,2022-09-01
WB,Mid Cap Extended,2023-02-01,2023-06-01
WB,Mid Cap Extended,2024-03-01,2024-04-01
WBC,Mid Cap Extended,2018-09-01,2020-07-01
WBS,Small Cap Extended,2018-09-01,2020-12-01
WBS,Small Cap Extended,2021-05-01,2026-02-01
WBT,Small Cap Extended,2018-09-01,2020-05-01
WBT,Small Cap Extended,2020-06-01,2020-07-01
WBT,Small Cap Extended,2021-05-01,2022-01-01
WBT,Small Cap Extended,2022-02-01,2022-09-01
WCC,Mid Cap Extended,2018-09-01,2026-02-01
WCN,Mid Cap Extended,2018-09-01,2026-02-01
WDR,Small Cap Extended,2018-09-01,2020-09-01
WDR,Small Cap Extended,2020-11-01,2020-12-01
WDR,Small Cap Extended,2021-01-01,2021-04-01
WE,Small Cap Extended,2021-12-01,2022-12-01
WEAT,Small Cap Extended,2022-04-01,2022-10-01
WEBR,Small Cap Extended,2021-10-01,2021-11-01
WEBR,Small Cap Extended,2022-11-01,2022-12-01
WEN,Mid Cap Extended,2018-09-01,2026-02-01
WERN,Small Cap Extended,2018-09-01,2021-03-01
WERN,Small Cap Extended,2021-06-01,2021-07-01
WERN,Small Cap Extended,2021-09-01,2025-09-01
WES,Small Cap Extended,2019-03-01,2020-04-01
WES,Small Cap Extended,2020-05-01,2020-09-01
WES,Small Cap Extended,2022-04-01,2023-07-01
WES,Small Cap Extended,2023-08-01,2026-02-01
WEX,Mid Cap Extended,2018-09-01,2026-02-01
WFRD,Mid Cap Extended,2022-07-01,2022-10-01
WFRD,Mid Cap Extended,2022-11-01,2026-02-01
WGO,Small Cap Extended,2018-09-01,2025-07-01
WGS,Mid Cap Extended,2024-11-01,2026-02-01
WH,Mid Cap Extended,2018-09-01,2026-02-01
WHD,Small Cap Extended,2018-09-01,2019-03-01
WHD,Small Cap Extended,2019-04-01,2020-01-01
WHD,Small Cap Extended,2022-04-01,2025-10-01
WIFI,Small Cap Extended,2018-09-01,2019-03-01
WIFI,Small Cap Extended,2019-04-01,2019-10-01
WIMI,Small Cap Extended,2020-08-01,2020-12-01
WIMI,Small Cap Extended,2021-03-01,2021-06-01
WING,Mid Cap Extended,2018-09-01,2026-02-01
WISA,Small Cap Extended,2024-05-01,2024-06-01
WISH,Mid Cap Extended,2021-03-01,2022-11-01
WISH,Mid Cap Extended,2023-03-01,2023-06-01
WIX,Mid Cap Extended,2018-09-01,2026-02-01
WK,Small Cap Extended,2019-03-01,2020-02-01
WK,Small Cap Extended,2020-04-01,2026-02-01
WKC,Small Cap Extended,2024-10-01,2025-02-01
WKHS,Mid Cap Extended,2019-08-01,2019-11-01
WKHS,Mid Cap Extended,2020-07-01,2022-04-01
WLDS,Small Cap Extended,2025-10-01,2026-01-01
WLK,Mid Cap Extended,2018-09-01,2026-02-01
WLL,Mid Cap Extended,2018-09-01,2019-12-01
WLL,Mid Cap Extended,2020-01-01,2020-02-01
WLL,Mid Cap Extended,2021-06-01,2022-08-01
WMG,Small Cap Extended,2020-08-01,2021-07-01
WMG,Small Cap Extended,2021-10-01,2026-02-01
WMGI,Mid Cap Extended,2018-09-01,2020-12-01
WMS,Mid Cap Extended,2019-10-01,2026-02-01
WOLF,Mid Cap Extended,2021-11-01,2025-04-01
WOLF,Mid Cap Extended,2025-10-01,2026-02-01
WOOF,Small Cap Extended,2021-04-01,2023-10-01
WORK,Mid Cap Extended,2019-09-01,2021-09-01
WP,Mid Cap Extended,2018-09-01,2019-09-01
WPC,Mid Cap Extended,2018-09-01,2026-02-01
WPF,Small Cap Extended,2021-03-01,2021-05-01
WPG,Small Cap Extended,2018-09-01,2018-12-01
WPG,Small Cap Extended,2019-01-01,2019-04-01
WPG,Small Cap Extended,2019-05-01,2019-09-01
WPG,Small Cap Extended,2019-10-01,2020-05-01
WPM,Mid Cap Extended,2018-09-01,2026-02-01
WPRT,Small Cap Extended,2021-03-01,2021-06-01
WPX,Mid Cap Extended,2018-09-01,2020-04-01
WPX,Mid Cap Extended,2020-05-01,2020-10-01
WPX,Mid Cap Extended,2020-12-01,2021-02-01
WRBY,Small Cap Extended,2021-12-01,2023-02-01
WRBY,Small Cap Extended,2023-12-01,2024-01-01
WRBY,Small Cap Extended,2024-06-01,2026-02-01
WRD,Small Cap Extended,2018-09-01,2019-03-01
WRD,Small Cap Extended,2025-03-01,2026-02-01
WRI,Small Cap Extended,2018-09-01,2021-01-01
WRI,Small Cap Extended,2021-05-01,2021-09-01
WSC,Mid Cap Extended,2020-04-01,2026-02-01
WTFC,Small Cap Extended,2018-09-01,2020-10-01
WTFC,Small Cap Extended,2020-11-01,2021-07-01
WTFC,Small Cap Extended,2021-11-01,2026-02-01
WTI,Small Cap Extended,2018-09-01,2019-01-01
WTI,Small Cap Extended,2019-04-01,2019-06-01
WTI,Small Cap Extended,2022-06-01,2022-07-01
WTI,Small Cap Extended,2022-09-01,2023-03-01
WTRG,Small Cap Extended,2020-03-01,2026-02-01
WTRH,Small Cap Extended,2020-06-01,2020-07-01
WTRH,Small Cap Extended,2020-08-01,2020-11-01
WUBA,Mid Cap Extended,2018-09-01,2020-11-01
WULF,Mid Cap Extended,2024-11-01,2025-02-01
WULF,Mid Cap Extended,2025-08-01,2026-02-01
WVE,Small Cap Extended,2019-03-01,2019-08-01
WVE,Small Cap Extended,2020-02-01,2020-03-01
WVE,Small Cap Extended,2024-12-01,2025-01-01
WW,Small Cap Extended,2019-07-01,2022-01-01
WW,Small Cap Extended,2022-02-01,2022-03-01
WW,Small Cap Extended,2023-05-01,2024-02-01
WWD,Small Cap Extended,2018-09-01,2026-02-01
WWE,Mid Cap Extended,2018-09-01,2023-10-01
WWR,Small Cap Extended,2020-12-01,2021-01-01
WWR,Small Cap Extended,2021-02-01,2021-05-01
WWW,Small Cap Extended,2018-09-01,2020-08-01
WWW,Small Cap Extended,2023-02-01,2023-06-01
WWW,Small Cap Extended,2024-12-01,2025-05-01
WWW,Small Cap Extended,2025-08-01,2026-02-01
WYFI,Small Cap Extended,2025-11-01,2026-01-01
X,Mid Cap Extended,2018-09-01,2025-08-01
XELA,Small Cap Extended,2021-04-01,2022-06-01
XELA,Small Cap Extended,2022-08-01,2022-11-01
XELA,Small Cap Extended,2023-06-01,2023-07-01
XENE,Small Cap Extended,2021-11-01,2022-02-01
XENE,Small Cap Extended,2023-11-01,2024-05-01
XENE,Small Cap Extended,2025-06-01,2026-02-01
XERS,Small Cap Extended,2020-10-01,2020-11-01
XHR,Small Cap Extended,2019-04-01,2019-10-01
XHR,Small Cap Extended,2020-04-01,2020-05-01
XIFR,Small Cap Extended,2025-03-01,2025-06-01
XLRN,Small Cap Extended,2018-09-01,2022-01-01
XM,Small Cap Extended,2021-03-01,2023-08-01
XMTR,Small Cap Extended,2021-09-01,2021-10-01
XMTR,Small Cap Extended,2022-03-01,2022-06-01
XMTR,Small Cap Extended,2022-09-01,2023-06-01
XMTR,Small Cap Extended,2025-03-01,2025-04-01
XMTR,Small Cap Extended,2025-09-01,2026-02-01
XNET,Small Cap Extended,2019-11-01,2020-01-01
XOG,Small Cap Extended,2018-09-01,2019-01-01
XON,Small Cap Extended,2018-09-01,2019-05-01
XON,Small Cap Extended,2019-07-01,2019-10-01
XP,Mid Cap Extended,2020-03-01,2026-02-01
XPER,Small Cap Extended,2020-03-01,2020-05-01
XPER,Small Cap Extended,2020-09-01,2020-11-01
XPEV,Mid Cap Extended,2020-11-01,2026-02-01
XPO,Mid Cap Extended,2018-09-01,2026-02-01
XPOF,Small Cap Extended,2023-06-01,2023-11-01
XPRO,Small Cap Extended,2023-10-01,2024-01-01
XPRO,Small Cap Extended,2024-07-01,2025-01-01
XXXX,Small Cap Extended,2024-03-01,2024-07-01
YALA,Small Cap Extended,2021-01-01,2021-09-01
YELP,Small Cap Extended,2018-09-01,2023-04-01
YELP,Small Cap Extended,2023-06-01,2025-10-01
YETI,Mid Cap Extended,2019-01-01,2026-02-01
YEXT,Small Cap Extended,2018-09-01,2021-02-01
YEXT,Small Cap Extended,2023-07-01,2023-10-01
YMM,Mid Cap Extended,2021-09-01,2022-11-01
YMM,Mid Cap Extended,2022-12-01,2026-02-01
YNDX,Mid Cap Extended,2018-09-01,2022-04-01
YOU,Small Cap Extended,2021-09-01,2021-11-01
YOU,Small Cap Extended,2022-06-01,2026-02-01
YPF,Small Cap Extended,2018-09-01,2020-04-01
YPF,Small Cap Extended,2022-12-01,2023-01-01
YPF,Small Cap Extended,2023-02-01,2026-02-01
YSG,Small Cap Extended,2021-02-01,2021-09-01
YUMC,Mid Cap Extended,2018-09-01,2026-02-01
YY,Mid Cap Extended,2018-09-01,2022-10-01
YY,Mid Cap Extended,2023-01-01,2023-09-01
YY,Mid Cap Extended,2023-10-01,2024-06-01
YY,Mid Cap Extended,2025-03-01,2025-05-01
Z,Mid Cap Extended,2018-09-01,2026-02-01
ZAYO,Mid Cap Extended,2018-09-01,2020-04-01
ZD,Small Cap Extended,2021-11-01,2024-03-01
ZD,Small Cap Extended,2024-05-01,2025-03-01
ZEN,Mid Cap Extended,2018-09-01,2023-01-01
ZENA,Small Cap Extended,2024-12-01,2025-02-01
ZETA,Mid Cap Extended,2024-06-01,2026-02-01
ZEV,Small Cap Extended,2021-09-01,2021-12-01
ZG,Small Cap Extended,2018-09-01,2026-02-01
ZGNX,Small Cap Extended,2018-09-01,2021-02-01
ZGNX,Small Cap Extended,2022-02-01,2022-04-01
ZH,Small Cap Extended,2021-10-01,2021-12-01
ZI,Mid Cap Extended,2020-08-01,2025-06-01
ZIM,Mid Cap Extended,2021-09-01,2023-12-01
ZIM,Mid Cap Extended,2024-01-01,2026-02-01
ZIP,Small Cap Extended,2021-08-01,2021-09-01
ZIP,Small Cap Extended,2022-08-01,2022-10-01
ZK,Small Cap Extended,2024-08-01,2024-09-01
ZK,Small Cap Extended,2024-11-01,2025-02-01
ZLAB,Small Cap Extended,2020-02-01,2023-09-01
ZLAB,Small Cap Extended,2024-12-01,2025-02-01
ZLAB,Small Cap Extended,2025-03-01,2025-10-01
ZM,Mid Cap Extended,2019-07-01,2026-02-01
ZNGA,Mid Cap Extended,2019-03-01,2022-07-01
ZNTL,Small Cap Extended,2021-01-01,2021-02-01
ZNTL,Small Cap Extended,2022-05-01,2022-12-01
ZNTL,Small Cap Extended,2023-06-01,2023-10-01
ZNTL,Small Cap Extended,2023-11-01,2024-01-01
ZS,Mid Cap Extended,2018-09-01,2026-02-01
ZSAN,Small Cap Extended,2019-05-01,2019-06-01
ZTO,Mid Cap Extended,2018-09-01,2025-12-01
ZUO,Small Cap Extended,2018-09-01,2021-01-01
ZUO,Small Cap Extended,2024-11-01,2025-03-01
ZWS,Small Cap Extended,2021-11-01,2026-02-01
ZY,Small Cap Extended,2021-09-01,2021-12-01
ZYME,Small Cap Extended,2020-01-01,2020-09-01
ZYME,Small Cap Extended,2020-10-01,2021-01-01
ZYNE,Small Cap Extended,2019-05-01,2019-11-01
AA,Mid Cap Extended,2026-07-01,2026-09-01
AAL,Industrials,2026-07-01,2026-09-01
AAOI,Mid Cap Extended,2026-07-01,2026-09-01
AAON,Mid Cap Extended,2026-07-01,2026-09-01
AAOX,Mid Cap Extended,2026-07-01,2026-09-01
AAP,Consumer Discretionary,2026-07-01,2026-09-01
ABVX,Mid Cap Extended,2026-07-01,2026-09-01
ACA,Small Cap Extended,2026-07-01,2026-09-01
ACHC,Small Cap Extended,2026-07-01,2026-09-01
ACI,Mid Cap Extended,2026-07-01,2026-09-01
ACLS,Small Cap Extended,2026-07-01,2026-09-01
ACM,Mid Cap Extended,2026-07-01,2026-09-01
ACMR,Small Cap Extended,2026-07-01,2026-09-01
ADC,Small Cap Extended,2026-07-01,2026-09-01
ADEA,Small Cap Extended,2026-07-01,2026-09-01
ADT,Industrials,2026-07-01,2026-09-01
AEHR,Small Cap Extended,2026-07-01,2026-09-01
AEIS,Mid Cap Extended,2026-07-01,2026-09-01
AEM,Mid Cap Extended,2026-07-01,2026-09-01
AEO,Mid Cap Extended,2026-07-01,2026-09-01
AER,Mid Cap Extended,2026-07-01,2026-09-01
AESI,Small Cap Extended,2026-07-01,2026-09-01
AFG,Small Cap Extended,2026-07-01,2026-09-01
AFRM,Mid Cap Extended,2026-07-01,2026-09-01
AG,Mid Cap Extended,2026-07-01,2026-09-01
AGCO,Mid Cap Extended,2026-07-01,2026-09-01
AGI,Small Cap Extended,2026-07-01,2026-09-01
AGNC,Mid Cap Extended,2026-07-01,2026-09-01
AGX,Mid Cap Extended,2026-07-01,2026-09-01
AHR,Small Cap Extended,2026-07-01,2026-09-01
AI,Mid Cap Extended,2026-07-01,2026-09-01
AIA,Small Cap Extended,2026-07-01,2026-09-01
AIQ,Mid Cap Extended,2026-07-01,2026-09-01
AIRR,Small Cap Extended,2026-07-01,2026-09-01
AIT,Small Cap Extended,2026-07-01,2026-09-01
ALAB,Mid Cap Extended,2026-07-01,2026-09-01
ALC,Mid Cap Extended,2026-07-01,2026-09-01
ALGM,Small Cap Extended,2026-07-01,2026-09-01
ALHC,Small Cap Extended,2026-07-01,2026-09-01
ALK,Industrials,2026-07-01,2026-09-01
ALKS,Small Cap Extended,2026-07-01,2026-09-01
ALLY,Mid Cap Extended,2026-07-01,2026-09-01
ALM,Small Cap Extended,2026-07-01,2026-09-01
ALNY,Mid Cap Extended,2026-07-01,2026-09-01
ALSN,Small Cap Extended,2026-07-01,2026-09-01
ALV,Mid Cap Extended,2026-07-01,2026-09-01
AM,Small Cap Extended,2026-07-01,2026-08-01
AMBA,Small Cap Extended,2026-07-01,2026-09-01
AMG,Financials,2026-07-01,2026-09-01
AMH,Mid Cap Extended,2026-07-01,2026-09-01
AMKR,Small Cap Extended,2026-07-01,2026-09-01
AMPX,Small Cap Extended,2026-07-01,2026-09-01
AMRZ,Mid Cap Extended,2026-07-01,2026-09-01
AMSC,Small Cap Extended,2026-07-01,2026-09-01
AMZD,Mid Cap Extended,2026-07-01,2026-09-01
AN,Consumer Discretionary,2026-07-01,2026-09-01
ANF,Mid Cap Extended,2026-07-01,2026-09-01
APG,Small Cap Extended,2026-07-01,2026-09-01
APGE,Small Cap Extended,2026-07-01,2026-09-01
APLD,Mid Cap Extended,2026-07-01,2026-09-01
APPF,Small Cap Extended,2026-07-01,2026-09-01
AR,Mid Cap Extended,2026-07-01,2026-09-01
ARCC,Small Cap Extended,2026-07-01,2026-09-01
ARGX,Mid Cap Extended,2026-07-01,2026-09-01
ARM,Mid Cap Extended,2026-07-01,2026-09-01
ARMG,Small Cap Extended,2026-07-01,2026-09-01
AROC,Small Cap Extended,2026-07-01,2026-09-01
ARW,Mid Cap Extended,2026-07-01,2026-09-01
ARWR,Small Cap Extended,2026-07-01,2026-09-01
ARXS,Small Cap Extended,2026-07-01,2026-08-01
AS,Mid Cap Extended,2026-07-01,2026-09-01
ASB,Small Cap Extended,2026-07-01,2026-09-01
ASH,Small Cap Extended,2026-07-01,2026-09-01
ASML,Mid Cap Extended,2026-07-01,2026-09-01
ASND,Small Cap Extended,2026-07-01,2026-09-01
ASO,Mid Cap Extended,2026-07-01,2026-09-01
ASST,Mid Cap Extended,2026-07-01,2026-09-01
ASTC,Small Cap Extended,2026-07-01,2026-09-01
ASTS,Mid Cap Extended,2026-07-01,2026-09-01
ASX,Small Cap Extended,2026-07-01,2026-09-01
ATI,Materials,2026-07-01,2026-09-01
ATMU,Small Cap Extended,2026-07-01,2026-08-01
ATR,Small Cap Extended,2026-07-01,2026-09-01
AU,Mid Cap Extended,2026-07-01,2026-09-01
AUGO,Small Cap Extended,2026-07-01,2026-09-01
AUR,Mid Cap Extended,2026-07-01,2026-09-01
AVAV,Mid Cap Extended,2026-07-01,2026-09-01
AVEX,Small Cap Extended,2026-07-01,2026-09-01
AVT,Small Cap Extended,2026-07-01,2026-09-01
AVTR,Mid Cap Extended,2026-07-01,2026-09-01
AWI,Small Cap Extended,2026-07-01,2026-09-01
AXS,Small Cap Extended,2026-07-01,2026-09-01
AXSM,Mid Cap Extended,2026-07-01,2026-09-01
AXTA,Mid Cap Extended,2026-07-01,2026-09-01
AXTI,Mid Cap Extended,2026-07-01,2026-09-01
AXTX,Small Cap Extended,2026-07-01,2026-09-01
AYI,Industrials,2026-07-01,2026-09-01
AZN,Mid Cap Extended,2026-07-01,2026-09-01
B,Mid Cap Extended,2026-07-01,2026-09-01
BABA,Mid Cap Extended,2026-07-01,2026-09-01
BAH,Mid Cap Extended,2026-07-01,2026-09-01
BAM,Mid Cap Extended,2026-07-01,2026-09-01
BANC,Small Cap Extended,2026-07-01,2026-08-01
BAND,Small Cap Extended,2026-07-01,2026-09-01
BAP,Mid Cap Extended,2026-07-01,2026-09-01
BB,Mid Cap Extended,2026-07-01,2026-09-01
BBIO,Small Cap Extended,2026-07-01,2026-09-01
BBWI,Consumer Discretionary,2026-07-01,2026-09-01
BC,Mid Cap Extended,2026-07-01,2026-08-01
BCE,Small Cap Extended,2026-07-01,2026-09-01
BCS,Mid Cap Extended,2026-07-01,2026-09-01
BDC,Small Cap Extended,2026-07-01,2026-09-01
BE,Mid Cap Extended,2026-07-01,2026-09-01
BEAM,Small Cap Extended,2026-07-01,2026-09-01
BEKE,Mid Cap Extended,2026-07-01,2026-09-01
BELFB,Small Cap Extended,2026-07-01,2026-09-01
BEPC,Small Cap Extended,2026-07-01,2026-08-01
BFAM,Small Cap Extended,2026-07-01,2026-09-01
BFH,Small Cap Extended,2026-07-01,2026-09-01
BHP,Mid Cap Extended,2026-07-01,2026-09-01
BIDU,Mid Cap Extended,2026-07-01,2026-09-01
BILI,Mid Cap Extended,2026-07-01,2026-08-01
BILL,Mid Cap Extended,2026-07-01,2026-09-01
BIO,Health Care,2026-07-01,2026-09-01
BIRK,Mid Cap Extended,2026-07-01,2026-09-01
BJ,Mid Cap Extended,2026-07-01,2026-09-01
BKH,Small Cap Extended,2026-07-01,2026-09-01
BKSY,Small Cap Extended,2026-07-01,2026-09-01
BLLN,Small Cap Extended,2026-07-01,2026-09-01
BMI,Small Cap Extended,2026-07-01,2026-09-01
BMNR,Mid Cap Extended,2026-07-01,2026-09-01
BMO,Mid Cap Extended,2026-07-01,2026-09-01
BMRN,Mid Cap Extended,2026-07-01,2026-09-01
BN,Mid Cap Extended,2026-07-01,2026-09-01
BNO,Mid Cap Extended,2026-07-01,2026-09-01
BNS,Mid Cap Extended,2026-07-01,2026-09-01
BNTX,Mid Cap Extended,2026-07-01,2026-09-01
BOOT,Mid Cap Extended,2026-07-01,2026-09-01
BOX,Mid Cap Extended,2026-07-01,2026-09-01
BP,Mid Cap Extended,2026-07-01,2026-09-01
BPOP,Small Cap Extended,2026-07-01,2026-09-01
BRBR,Mid Cap Extended,2026-07-01,2026-09-01
BRKR,Mid Cap Extended,2026-07-01,2026-09-01
BROS,Mid Cap Extended,2026-07-01,2026-09-01
BRX,Small Cap Extended,2026-07-01,2026-09-01
BRZE,Small Cap Extended,2026-07-01,2026-09-01
BSY,Small Cap Extended,2026-07-01,2026-09-01
BTDR,Small Cap Extended,2026-07-01,2026-09-01
BTI,Mid Cap Extended,2026-07-01,2026-09-01
BTSG,Small Cap Extended,2026-07-01,2026-09-01
BTU,Mid Cap Extended,2026-07-01,2026-09-01
BUD,Mid Cap Extended,2026-07-01,2026-09-01
BURL,Mid Cap Extended,2026-07-01,2026-09-01
BW,Small Cap Extended,2026-07-01,2026-09-01
BWA,Consumer Discretionary,2026-07-01,2026-09-01
BWXT,Small Cap Extended,2026-07-01,2026-09-01
BYD,Mid Cap Extended,2026-07-01,2026-09-01
CACC,Small Cap Extended,2026-07-01,2026-09-01
CACI,Mid Cap Extended,2026-07-01,2026-09-01
CAG,Consumer Staples,2026-07-01,2026-09-01
CAKE,Small Cap Extended,2026-07-01,2026-09-01
CALM,Small Cap Extended,2026-07-01,2026-09-01
CAMT,Small Cap Extended,2026-07-01,2026-09-01
CAR,Mid Cap Extended,2026-07-01,2026-09-01
CAVA,Mid Cap Extended,2026-07-01,2026-09-01
CBSH,Small Cap Extended,2026-07-01,2026-09-01
CC,Small Cap Extended,2026-07-01,2026-09-01
CCEP,Consumer Staples,2026-07-01,2026-09-01
CCJ,Mid Cap Extended,2026-07-01,2026-09-01
CCK,Mid Cap Extended,2026-07-01,2026-09-01
CDE,Small Cap Extended,2026-07-01,2026-09-01
CE,Materials,2026-07-01,2026-09-01
CECO,Small Cap Extended,2026-07-01,2026-09-01
CELC,Small Cap Extended,2026-07-01,2026-09-01
CELH,Mid Cap Extended,2026-07-01,2026-09-01
CENX,Small Cap Extended,2026-07-01,2026-09-01
CFR,Small Cap Extended,2026-07-01,2026-09-01
CG,Mid Cap Extended,2026-07-01,2026-09-01
CGNX,Mid Cap Extended,2026-07-01,2026-09-01
CGON,Small Cap Extended,2026-07-01,2026-09-01
CHAT,Small Cap Extended,2026-07-01,2026-09-01
CHDN,Small Cap Extended,2026-07-01,2026-09-01
CHE,Small Cap Extended,2026-07-01,2026-09-01
CHH,Small Cap Extended,2026-07-01,2026-09-01
CHKP,Mid Cap Extended,2026-07-01,2026-09-01
CHRD,Mid Cap Extended,2026-07-01,2026-09-01
CHWY,Mid Cap Extended,2026-07-01,2026-09-01
CHYM,Small Cap Extended,2026-07-01,2026-09-01
CIFR,Mid Cap Extended,2026-07-01,2026-09-01
CLF,Mid Cap Extended,2026-07-01,2026-09-01
CLH,Mid Cap Extended,2026-07-01,2026-09-01
CLS,Mid Cap Extended,2026-07-01,2026-09-01
CM,Small Cap Extended,2026-07-01,2026-09-01
CMC,Small Cap Extended,2026-07-01,2026-09-01
CNH,Mid Cap Extended,2026-07-01,2026-09-01
CNI,Mid Cap Extended,2026-07-01,2026-09-01
CNM,Mid Cap Extended,2026-07-01,2026-09-01
CNQ,Mid Cap Extended,2026-07-01,2026-09-01
CNR,Small Cap Extended,2026-07-01,2026-09-01
CNX,Energy,2026-07-01,2026-09-01
COCO,Small Cap Extended,2026-07-01,2026-09-01
COGT,Small Cap Extended,2026-07-01,2026-09-01
COHU,Small Cap Extended,2026-07-01,2026-09-01
COKE,Small Cap Extended,2026-07-01,2026-09-01
COLB,Small Cap Extended,2026-07-01,2026-09-01
COLD,Mid Cap Extended,2026-07-01,2026-09-01
COMP,Small Cap Extended,2026-07-01,2026-09-01
CORO,Small Cap Extended,2026-07-01,2026-09-01
CORT,Small Cap Extended,2026-07-01,2026-09-01
CORZ,Mid Cap Extended,2026-07-01,2026-09-01
CP,Mid Cap Extended,2026-07-01,2026-09-01
CPB,Consumer Staples,2026-07-01,2026-09-01
CPNG,Mid Cap Extended,2026-07-01,2026-09-01
CPRI,Consumer Discretionary,2026-07-01,2026-09-01
CPRX,Small Cap Extended,2026-07-01,2026-08-01
CQQQ,Small Cap Extended,2026-07-01,2026-09-01
CR,Small Cap Extended,2026-07-01,2026-09-01
CRBG,Mid Cap Extended,2026-07-01,2026-09-01
CRCL,Mid Cap Extended,2026-07-01,2026-09-01
CRDO,Small Cap Extended,2026-07-01,2026-09-01
CRGY,Small Cap Extended,2026-07-01,2026-09-01
CRML,Mid Cap Extended,2026-07-01,2026-09-01
CROX,Mid Cap Extended,2026-07-01,2026-09-01
CRS,Small Cap Extended,2026-07-01,2026-09-01
CRSP,Mid Cap Extended,2026-07-01,2026-09-01
CRUS,Small Cap Extended,2026-07-01,2026-09-01
CRWV,Mid Cap Extended,2026-07-01,2026-09-01
CSL,Mid Cap Extended,2026-07-01,2026-09-01
CSTM,Small Cap Extended,2026-07-01,2026-09-01
CTRE,Small Cap Extended,2026-07-01,2026-09-01
CUBE,Mid Cap Extended,2026-07-01,2026-09-01
CVCO,Small Cap Extended,2026-07-01,2026-09-01
CVE,Mid Cap Extended,2026-07-01,2026-09-01
CVLT,Small Cap Extended,2026-07-01,2026-09-01
CW,Mid Cap Extended,2026-07-01,2026-09-01
CWST,Small Cap Extended,2026-07-01,2026-09-01
CX,Mid Cap Extended,2026-07-01,2026-09-01
CYTK,Mid Cap Extended,2026-07-01,2026-09-01
CZR,Consumer Discretionary,2026-07-01,2026-09-01
DAR,Mid Cap Extended,2026-07-01,2026-09-01
DAVE,Mid Cap Extended,2026-07-01,2026-09-01
DB,Small Cap Extended,2026-07-01,2026-09-01
DBX,Mid Cap Extended,2026-07-01,2026-09-01
DCI,Small Cap Extended,2026-07-01,2026-09-01
DDS,Small Cap Extended,2026-07-01,2026-09-01
DEO,Mid Cap Extended,2026-07-01,2026-09-01
DFTX,Small Cap Extended,2026-07-01,2026-09-01
DGXX,Small Cap Extended,2026-07-01,2026-08-01
DHT,Small Cap Extended,2026-07-01,2026-09-01
DINO,Mid Cap Extended,2026-07-01,2026-09-01
DIOD,Small Cap Extended,2026-07-01,2026-09-01
DKNG,Mid Cap Extended,2026-07-01,2026-09-01
DKS,Mid Cap Extended,2026-07-01,2026-09-01
DNTH,Small Cap Extended,2026-07-01,2026-09-01
DOCN,Mid Cap Extended,2026-07-01,2026-09-01
DOCS,Mid Cap Extended,2026-07-01,2026-09-01
DOCU,Mid Cap Extended,2026-07-01,2026-09-01
DOX,Mid Cap Extended,2026-07-01,2026-09-01
DRAM,Mid Cap Extended,2026-07-01,2026-09-01
DT,Mid Cap Extended,2026-07-01,2026-09-01
DTM,Small Cap Extended,2026-07-01,2026-09-01
DUOL,Mid Cap Extended,2026-07-01,2026-09-01
DX,Small Cap Extended,2026-07-01,2026-09-01
DXYZ,Mid Cap Extended,2026-07-01,2026-09-01
DY,Mid Cap Extended,2026-07-01,2026-09-01
DYNF,Mid Cap Extended,2026-07-01,2026-09-01
EAT,Mid Cap Extended,2026-07-01,2026-09-01
EBC,Small Cap Extended,2026-07-01,2026-09-01
ECG,Small Cap Extended,2026-07-01,2026-09-01
EGO,Small Cap Extended,2026-07-01,2026-09-01
EGP,Small Cap Extended,2026-07-01,2026-09-01
EHC,Small Cap Extended,2026-07-01,2026-09-01
ELAN,Mid Cap Extended,2026-07-01,2026-09-01
ELF,Mid Cap Extended,2026-07-01,2026-09-01
ELS,Mid Cap Extended,2026-07-01,2026-09-01
ELVN,Small Cap Extended,2026-07-01,2026-09-01
EMBJ,Small Cap Extended,2026-07-01,2026-09-01
EMN,Materials,2026-07-01,2026-09-01
ENB,Mid Cap Extended,2026-07-01,2026-09-01
ENPH,Information Technology,2026-07-01,2026-09-01
ENS,Small Cap Extended,2026-07-01,2026-09-01
ENSG,Small Cap Extended,2026-07-01,2026-09-01
ENTG,Mid Cap Extended,2026-07-01,2026-09-01
EOSE,Mid Cap Extended,2026-07-01,2026-08-01
EPAM,Information Technology,2026-07-01,2026-09-01
EPD,Mid Cap Extended,2026-07-01,2026-09-01
EPRT,Small Cap Extended,2026-07-01,2026-09-01
EQH,Mid Cap Extended,2026-07-01,2026-09-01
EQNR,Mid Cap Extended,2026-07-01,2026-09-01
EQX,Small Cap Extended,2026-07-01,2026-09-01
ERAS,Small Cap Extended,2026-07-01,2026-09-01
ERIC,Mid Cap Extended,2026-07-01,2026-09-01
ESAB,Small Cap Extended,2026-07-01,2026-09-01
ESE,Small Cap Extended,2026-07-01,2026-09-01
ESI,Small Cap Extended,2026-07-01,2026-09-01
ESLT,Small Cap Extended,2026-07-01,2026-09-01
ESTC,Mid Cap Extended,2026-07-01,2026-09-01
ET,Mid Cap Extended,2026-07-01,2026-09-01
ETSY,Consumer Discretionary,2026-07-01,2026-09-01
EVR,Mid Cap Extended,2026-07-01,2026-09-01
EWBC,Mid Cap Extended,2026-07-01,2026-09-01
EXEL,Mid Cap Extended,2026-07-01,2026-09-01
EXK,Small Cap Extended,2026-07-01,2026-09-01
EXLS,Small Cap Extended,2026-07-01,2026-09-01
EXP,Mid Cap Extended,2026-07-01,2026-09-01
EXTR,Small Cap Extended,2026-07-01,2026-09-01
FAF,Small Cap Extended,2026-07-01,2026-09-01
FBIN,Mid Cap Extended,2026-07-01,2026-09-01
FCEL,Mid Cap Extended,2026-07-01,2026-09-01
FCFS,Small Cap Extended,2026-07-01,2026-09-01
FCN,Small Cap Extended,2026-07-01,2026-09-01
FCNCA,Mid Cap Extended,2026-07-01,2026-09-01
FER,Small Cap Extended,2026-07-01,2026-09-01
FERG,Mid Cap Extended,2026-07-01,2026-09-01
FHN,Mid Cap Extended,2026-07-01,2026-09-01
FIG,Mid Cap Extended,2026-07-01,2026-09-01
FIGR,Mid Cap Extended,2026-07-01,2026-09-01
FISV,Mid Cap Extended,2026-07-01,2026-09-01
FIVE,Mid Cap Extended,2026-07-01,2026-09-01
FIVN,Mid Cap Extended,2026-07-01,2026-09-01
FLG,Mid Cap Extended,2026-07-01,2026-09-01
FLNC,Small Cap Extended,2026-07-01,2026-09-01
FLO,Small Cap Extended,2026-07-01,2026-09-01
FLR,Industrials,2026-07-01,2026-09-01
FLS,Industrials,2026-07-01,2026-09-01
FLUT,Mid Cap Extended,2026-07-01,2026-09-01
FLY,Mid Cap Extended,2026-07-01,2026-09-01
FMX,Small Cap Extended,2026-07-01,2026-09-01
FN,Mid Cap Extended,2026-07-01,2026-09-01
FNB,Small Cap Extended,2026-07-01,2026-09-01
FND,Mid Cap Extended,2026-07-01,2026-09-01
FNF,Mid Cap Extended,2026-07-01,2026-09-01
FNV,Mid Cap Extended,2026-07-01,2026-09-01
FORM,Small Cap Extended,2026-07-01,2026-09-01
FOUR,Mid Cap Extended,2026-07-01,2026-09-01
FPS,Mid Cap Extended,2026-07-01,2026-09-01
FR,Small Cap Extended,2026-07-01,2026-09-01
FRMI,Mid Cap Extended,2026-07-01,2026-09-01
FRO,Small Cap Extended,2026-07-01,2026-09-01
FROG,Small Cap Extended,2026-07-01,2026-09-01
FRPT,Mid Cap Extended,2026-07-01,2026-09-01
FRSH,Small Cap Extended,2026-07-01,2026-09-01
FSLY,Mid Cap Extended,2026-07-01,2026-09-01
FSS,Small Cap Extended,2026-07-01,2026-09-01
FTAI,Mid Cap Extended,2026-07-01,2026-09-01
FTI,Energy,2026-07-01,2026-09-01
FTXL,Small Cap Extended,2026-07-01,2026-09-01
FUTU,Mid Cap Extended,2026-07-01,2026-09-01
FWONK,Mid Cap Extended,2026-07-01,2026-09-01
G,Small Cap Extended,2026-07-01,2026-09-01
GAP,Mid Cap Extended,2026-07-01,2026-09-01
GDS,Mid Cap Extended,2026-07-01,2026-09-01
GFI,Mid Cap Extended,2026-07-01,2026-09-01
GFL,Small Cap Extended,2026-07-01,2026-09-01
GFS,Mid Cap Extended,2026-07-01,2026-09-01
GGAL,Small Cap Extended,2026-07-01,2026-09-01
GGG,Small Cap Extended,2026-07-01,2026-09-01
GGLS,Small Cap Extended,2026-07-01,2026-09-01
GH,Mid Cap Extended,2026-07-01,2026-09-01
GIL,Small Cap Extended,2026-07-01,2026-09-01
GKOS,Small Cap Extended,2026-07-01,2026-09-01
GLL,Small Cap Extended,2026-07-01,2026-09-01
GLNG,Small Cap Extended,2026-07-01,2026-09-01
GLOB,Mid Cap Extended,2026-07-01,2026-09-01
GLPI,Small Cap Extended,2026-07-01,2026-09-01
GLXY,Mid Cap Extended,2026-07-01,2026-09-01
GME,Consumer Discretionary,2026-07-01,2026-09-01
GMED,Mid Cap Extended,2026-07-01,2026-09-01
GPI,Small Cap Extended,2026-07-01,2026-09-01
GPIQ,Small Cap Extended,2026-07-01,2026-09-01
GPK,Mid Cap Extended,2026-07-01,2026-09-01
GPOR,Small Cap Extended,2026-07-01,2026-09-01
GRID,Mid Cap Extended,2026-07-01,2026-09-01
GSAT,Small Cap Extended,2026-07-01,2026-09-01
GSK,Mid Cap Extended,2026-07-01,2026-09-01
GT,Consumer Discretionary,2026-07-01,2026-09-01
GTLB,Mid Cap Extended,2026-07-01,2026-09-01
GTLS,Mid Cap Extended,2026-07-01,2026-09-01
GTX,Small Cap Extended,2026-07-01,2026-09-01
GVA,Small Cap Extended,2026-07-01,2026-09-01
GWRE,Mid Cap Extended,2026-07-01,2026-09-01
GXO,Small Cap Extended,2026-07-01,2026-09-01
H,Mid Cap Extended,2026-07-01,2026-09-01
HAE,Small Cap Extended,2026-07-01,2026-09-01
HALO,Small Cap Extended,2026-07-01,2026-09-01
HBM,Small Cap Extended,2026-07-01,2026-09-01
HCC,Small Cap Extended,2026-07-01,2026-09-01
HDB,Mid Cap Extended,2026-07-01,2026-09-01
HEI,Mid Cap Extended,2026-07-01,2026-09-01
HESM,Small Cap Extended,2026-07-01,2026-09-01
HIMS,Mid Cap Extended,2026-07-01,2026-09-01
HIMX,Small Cap Extended,2026-07-01,2026-09-01
HL,Mid Cap Extended,2026-07-01,2026-09-01
HLI,Small Cap Extended,2026-07-01,2026-09-01
HLN,Small Cap Extended,2026-07-01,2026-09-01
HLNE,Small Cap Extended,2026-07-01,2026-09-01
HMY,Small Cap Extended,2026-07-01,2026-09-01
HNGE,Small Cap Extended,2026-07-01,2026-09-01
HOG,Consumer Discretionary,2026-07-01,2026-09-01
HQY,Mid Cap Extended,2026-07-01,2026-09-01
HR,Small Cap Extended,2026-07-01,2026-09-01
HRB,Consumer Discretionary,2026-07-01,2026-09-01
HRI,Small Cap Extended,2026-07-01,2026-09-01
HSBC,Mid Cap Extended,2026-07-01,2026-09-01
HTHT,Mid Cap Extended,2026-07-01,2026-09-01
HUBS,Mid Cap Extended,2026-07-01,2026-09-01
HUN,Small Cap Extended,2026-07-01,2026-09-01
HUT,Mid Cap Extended,2026-07-01,2026-09-01
HWC,Small Cap Extended,2026-07-01,2026-09-01
HXL,Small Cap Extended,2026-07-01,2026-09-01
HYMC,Mid Cap Extended,2026-07-01,2026-09-01
IAG,Mid Cap Extended,2026-07-01,2026-09-01
IALT,Small Cap Extended,2026-07-01,2026-09-01
IBN,Mid Cap Extended,2026-07-01,2026-09-01
IBP,Mid Cap Extended,2026-07-01,2026-09-01
IBRX,Small Cap Extended,2026-07-01,2026-09-01
ICHR,Small Cap Extended,2026-07-01,2026-09-01
ICLR,Mid Cap Extended,2026-07-01,2026-09-01
IDA,Small Cap Extended,2026-07-01,2026-09-01
IDCC,Mid Cap Extended,2026-07-01,2026-09-01
IESC,Mid Cap Extended,2026-07-01,2026-09-01
IGM,Small Cap Extended,2026-07-01,2026-09-01
ILMN,Health Care,2026-07-01,2026-09-01
IMO,Small Cap Extended,2026-07-01,2026-09-01
IMVT,Small Cap Extended,2026-07-01,2026-09-01
INDV,Small Cap Extended,2026-07-01,2026-09-01
INFQ,Mid Cap Extended,2026-07-01,2026-09-01
INFY,Mid Cap Extended,2026-07-01,2026-09-01
ING,Small Cap Extended,2026-07-01,2026-09-01
INGR,Small Cap Extended,2026-07-01,2026-09-01
INOD,Small Cap Extended,2026-07-01,2026-09-01
INSM,Small Cap Extended,2026-07-01,2026-09-01
INSP,Mid Cap Extended,2026-07-01,2026-08-01
IONQ,Mid Cap Extended,2026-07-01,2026-09-01
IONS,Mid Cap Extended,2026-07-01,2026-09-01
IOT,Mid Cap Extended,2026-07-01,2026-09-01
IPGP,Information Technology,2026-07-01,2026-09-01
IQMM,Mid Cap Extended,2026-07-01,2026-09-01
IRDM,Small Cap Extended,2026-07-01,2026-09-01
IRE,Mid Cap Extended,2026-07-01,2026-09-01
IREN,Mid Cap Extended,2026-07-01,2026-09-01
IREZ,Small Cap Extended,2026-07-01,2026-09-01
IRTC,Small Cap Extended,2026-07-01,2026-09-01
ITRI,Small Cap Extended,2026-07-01,2026-09-01
ITT,Small Cap Extended,2026-07-01,2026-09-01
ITUB,Mid Cap Extended,2026-07-01,2026-09-01
IWV,Mid Cap Extended,2026-07-01,2026-09-01
IYT,Small Cap Extended,2026-07-01,2026-09-01
IYZ,Small Cap Extended,2026-07-01,2026-09-01
JAZZ,Mid Cap Extended,2026-07-01,2026-09-01
JBLU,Mid Cap Extended,2026-07-01,2026-09-01
JBS,Mid Cap Extended,2026-07-01,2026-09-01
JBTM,Small Cap Extended,2026-07-01,2026-09-01
JCPB,Small Cap Extended,2026-07-01,2026-09-01
JD,Mid Cap Extended,2026-07-01,2026-09-01
JEF,Financials,2026-07-01,2026-09-01
JHX,Mid Cap Extended,2026-07-01,2026-09-01
JLL,Mid Cap Extended,2026-07-01,2026-09-01
JOBY,Small Cap Extended,2026-07-01,2026-09-01
JXN,Small Cap Extended,2026-07-01,2026-09-01
KBH,Mid Cap Extended,2026-07-01,2026-09-01
KBR,Mid Cap Extended,2026-07-01,2026-09-01
KEEL,Mid Cap Extended,2026-07-01,2026-08-01
KEX,Small Cap Extended,2026-07-01,2026-09-01
KGC,Mid Cap Extended,2026-07-01,2026-09-01
KGS,Small Cap Extended,2026-07-01,2026-09-01
KLAR,Mid Cap Extended,2026-07-01,2026-09-01
KLIC,Small Cap Extended,2026-07-01,2026-09-01
KMX,Consumer Discretionary,2026-07-01,2026-09-01
KNSL,Small Cap Extended,2026-07-01,2026-09-01
KNX,Mid Cap Extended,2026-07-01,2026-09-01
KORU,Mid Cap Extended,2026-07-01,2026-09-01
KRC,Small Cap Extended,2026-07-01,2026-08-01
KRG,Small Cap Extended,2026-07-01,2026-09-01
KRMN,Mid Cap Extended,2026-07-01,2026-09-01
KRYS,Small Cap Extended,2026-07-01,2026-09-01
KSS,Consumer Discretionary,2026-07-01,2026-09-01
KTB,Small Cap Extended,2026-07-01,2026-09-01
KTOS,Small Cap Extended,2026-07-01,2026-09-01
KVYO,Small Cap Extended,2026-07-01,2026-09-01
KYMR,Small Cap Extended,2026-07-01,2026-09-01
LAD,Small Cap Extended,2026-07-01,2026-09-01
LAMR,Small Cap Extended,2026-07-01,2026-09-01
LASR,Small Cap Extended,2026-07-01,2026-09-01
LAZ,Small Cap Extended,2026-07-01,2026-09-01
LBRDK,Mid Cap Extended,2026-07-01,2026-09-01
LBRT,Small Cap Extended,2026-07-01,2026-09-01
LCID,Mid Cap Extended,2026-07-01,2026-09-01
LEA,Mid Cap Extended,2026-07-01,2026-09-01
LECO,Small Cap Extended,2026-07-01,2026-09-01
LEGN,Small Cap Extended,2026-07-01,2026-09-01
LEU,Mid Cap Extended,2026-07-01,2026-09-01
LEVI,Small Cap Extended,2026-07-01,2026-09-01
LFUS,Small Cap Extended,2026-07-01,2026-09-01
LGN,Small Cap Extended,2026-07-01,2026-09-01
LGND,Small Cap Extended,2026-07-01,2026-09-01
LI,Mid Cap Extended,2026-07-01,2026-09-01
LITX,Mid Cap Extended,2026-07-01,2026-09-01
LIVN,Small Cap Extended,2026-07-01,2026-09-01
LKQ,Consumer Discretionary,2026-07-01,2026-09-01
LMND,Small Cap Extended,2026-07-01,2026-09-01
LNC,Financials,2026-07-01,2026-09-01
LNG,Mid Cap Extended,2026-07-01,2026-09-01
LNTH,Mid Cap Extended,2026-07-01,2026-09-01
LOAR,Small Cap Extended,2026-07-01,2026-08-01
LOGI,Small Cap Extended,2026-07-01,2026-09-01
LPLA,Mid Cap Extended,2026-07-01,2026-09-01
LPX,Mid Cap Extended,2026-07-01,2026-09-01
LQDA,Small Cap Extended,2026-07-01,2026-09-01
LRN,Small Cap Extended,2026-07-01,2026-09-01
LSCC,Mid Cap Extended,2026-07-01,2026-09-01
LSTR,Small Cap Extended,2026-07-01,2026-09-01
LTH,Small Cap Extended,2026-07-01,2026-09-01
LUMN,Communication Services,2026-07-01,2026-09-01
LUNR,Mid Cap Extended,2026-07-01,2026-09-01
LW,Consumer Staples,2026-07-01,2026-09-01
LWLG,Small Cap Extended,2026-07-01,2026-09-01
LYFT,Mid Cap Extended,2026-07-01,2026-09-01
LYG,Mid Cap Extended,2026-07-01,2026-09-01
M,Consumer Discretionary,2026-07-01,2026-09-01
MAC,Real Estate,2026-07-01,2026-09-01
MAGS,Mid Cap Extended,2026-07-01,2026-09-01
MAIR,Small Cap Extended,2026-07-01,2026-09-01
MANE,Small Cap Extended,2026-07-01,2026-09-01
MANH,Mid Cap Extended,2026-07-01,2026-09-01
MARA,Mid Cap Extended,2026-07-01,2026-09-01
MAT,Consumer Discretionary,2026-07-01,2026-09-01
MBLY,Mid Cap Extended,2026-07-01,2026-09-01
MC,Small Cap Extended,2026-07-01,2026-09-01
MDB,Mid Cap Extended,2026-07-01,2026-09-01
MDGL,Mid Cap Extended,2026-07-01,2026-09-01
MDLN,Mid Cap Extended,2026-07-01,2026-09-01
MEDP,Mid Cap Extended,2026-07-01,2026-09-01
MELI,Mid Cap Extended,2026-07-01,2026-09-01
MEOH,Small Cap Extended,2026-07-01,2026-08-01
MFC,Small Cap Extended,2026-07-01,2026-09-01
MGA,Mid Cap Extended,2026-07-01,2026-09-01
MGY,Small Cap Extended,2026-07-01,2026-09-01
MHK,Consumer Discretionary,2026-07-01,2026-09-01
MIAX,Small Cap Extended,2026-07-01,2026-09-01
MIDD,Mid Cap Extended,2026-07-01,2026-09-01
MIR,Small Cap Extended,2026-07-01,2026-09-01
MIRM,Small Cap Extended,2026-07-01,2026-09-01
MKL,Mid Cap Extended,2026-07-01,2026-09-01
MKSI,Mid Cap Extended,2026-07-01,2026-09-01
MKTX,Financials,2026-07-01,2026-09-01
MLI,Small Cap Extended,2026-07-01,2026-09-01
MMYT,Mid Cap Extended,2026-07-01,2026-08-01
MNDY,Mid Cap Extended,2026-07-01,2026-09-01
MNTS,Small Cap Extended,2026-07-01,2026-08-01
MOD,Mid Cap Extended,2026-07-01,2026-09-01
MOH,Health Care,2026-07-01,2026-09-01
MORN,Small Cap Extended,2026-07-01,2026-09-01
MP,Mid Cap Extended,2026-07-01,2026-09-01
MPLX,Small Cap Extended,2026-07-01,2026-09-01
MRAM,Small Cap Extended,2026-07-01,2026-09-01
MRCY,Small Cap Extended,2026-07-01,2026-09-01
MRVU,Small Cap Extended,2026-07-01,2026-09-01
MRX,Small Cap Extended,2026-07-01,2026-08-01
MSGS,Small Cap Extended,2026-07-01,2026-09-01
MSM,Small Cap Extended,2026-07-01,2026-09-01
MSTR,Mid Cap Extended,2026-07-01,2026-09-01
MT,Mid Cap Extended,2026-07-01,2026-09-01
MTCH,Communication Services,2026-07-01,2026-09-01
MTDR,Mid Cap Extended,2026-07-01,2026-09-01
MTH,Small Cap Extended,2026-07-01,2026-09-01
MTN,Mid Cap Extended,2026-07-01,2026-09-01
MTRN,Small Cap Extended,2026-07-01,2026-09-01
MTSI,Small Cap Extended,2026-07-01,2026-09-01
MTZ,Mid Cap Extended,2026-07-01,2026-09-01
MUD,Small Cap Extended,2026-07-01,2026-09-01
MUFG,Small Cap Extended,2026-07-01,2026-09-01
MULL,Mid Cap Extended,2026-07-01,2026-09-01
MUR,Energy,2026-07-01,2026-09-01
MUSA,Mid Cap Extended,2026-07-01,2026-09-01
MWH,Small Cap Extended,2026-07-01,2026-09-01
MXL,Small Cap Extended,2026-07-01,2026-09-01
MYRG,Small Cap Extended,2026-07-01,2026-09-01
NASA,Mid Cap Extended,2026-07-01,2026-09-01
NAVN,Small Cap Extended,2026-07-01,2026-09-01
NBIS,Mid Cap Extended,2026-07-01,2026-09-01
NBIX,Mid Cap Extended,2026-07-01,2026-09-01
NCNO,Small Cap Extended,2026-07-01,2026-09-01
NE,Energy,2026-07-01,2026-09-01
NET,Mid Cap Extended,2026-07-01,2026-09-01
NEU,Small Cap Extended,2026-07-01,2026-09-01
NFG,Small Cap Extended,2026-07-01,2026-09-01
NGG,Small Cap Extended,2026-07-01,2026-09-01
NICE,Mid Cap Extended,2026-07-01,2026-09-01
NIO,Mid Cap Extended,2026-07-01,2026-08-01
NKTR,Health Care,2026-07-01,2026-09-01
NLR,Small Cap Extended,2026-07-01,2026-09-01
NLY,Mid Cap Extended,2026-07-01,2026-09-01
NNE,Mid Cap Extended,2026-07-01,2026-09-01
NNN,Small Cap Extended,2026-07-01,2026-09-01
NOG,Small Cap Extended,2026-07-01,2026-09-01
NOK,Mid Cap Extended,2026-07-01,2026-09-01
NOV,Energy,2026-07-01,2026-09-01
NOVT,Small Cap Extended,2026-07-01,2026-09-01
NPO,Small Cap Extended,2026-07-01,2026-09-01
NTES,Mid Cap Extended,2026-07-01,2026-09-01
NTLA,Small Cap Extended,2026-07-01,2026-09-01
NTNX,Mid Cap Extended,2026-07-01,2026-09-01
NTR,Mid Cap Extended,2026-07-01,2026-09-01
NTRA,Mid Cap Extended,2026-07-01,2026-09-01
NTSK,Small Cap Extended,2026-07-01,2026-09-01
NU,Mid Cap Extended,2026-07-01,2026-09-01
NUVL,Small Cap Extended,2026-07-01,2026-08-01
NVMI,Mid Cap Extended,2026-07-01,2026-09-01
NVO,Mid Cap Extended,2026-07-01,2026-09-01
NVS,Mid Cap Extended,2026-07-01,2026-09-01
NVST,Mid Cap Extended,2026-07-01,2026-09-01
NVT,Small Cap Extended,2026-07-01,2026-09-01
NVTS,Mid Cap Extended,2026-07-01,2026-09-01
NWG,Small Cap Extended,2026-07-01,2026-09-01
NXE,Small Cap Extended,2026-07-01,2026-09-01
NXST,Mid Cap Extended,2026-07-01,2026-09-01
NXT,Mid Cap Extended,2026-07-01,2026-09-01
NYT,Mid Cap Extended,2026-07-01,2026-09-01
OC,Mid Cap Extended,2026-07-01,2026-09-01
OEF,Mid Cap Extended,2026-07-01,2026-09-01
OGE,Small Cap Extended,2026-07-01,2026-09-01
OGN,Health Care,2026-07-01,2026-09-01
OHI,Mid Cap Extended,2026-07-01,2026-09-01
OKLO,Mid Cap Extended,2026-07-01,2026-09-01
OKTA,Mid Cap Extended,2026-07-01,2026-09-01
OLED,Mid Cap Extended,2026-07-01,2026-09-01
OLLI,Mid Cap Extended,2026-07-01,2026-09-01
OLN,Mid Cap Extended,2026-07-01,2026-09-01
OMF,Small Cap Extended,2026-07-01,2026-09-01
ONB,Small Cap Extended,2026-07-01,2026-09-01
ONC,Mid Cap Extended,2026-07-01,2026-09-01
ONDS,Mid Cap Extended,2026-07-01,2026-09-01
ONON,Mid Cap Extended,2026-07-01,2026-09-01
ONTO,Mid Cap Extended,2026-07-01,2026-09-01
OPCH,Small Cap Extended,2026-07-01,2026-09-01
ORA,Small Cap Extended,2026-07-01,2026-09-01
ORCX,Small Cap Extended,2026-07-01,2026-09-01
ORI,Small Cap Extended,2026-07-01,2026-09-01
ORKA,Small Cap Extended,2026-07-01,2026-09-01
OSCR,Mid Cap Extended,2026-07-01,2026-09-01
OSIS,Small Cap Extended,2026-07-01,2026-09-01
OSK,Mid Cap Extended,2026-07-01,2026-09-01
OTEX,Small Cap Extended,2026-07-01,2026-08-01
OUST,Mid Cap Extended,2026-07-01,2026-09-01
OVV,Mid Cap Extended,2026-07-01,2026-09-01
OWL,Mid Cap Extended,2026-07-01,2026-09-01
P,Mid Cap Extended,2026-07-01,2026-09-01
PAA,Small Cap Extended,2026-07-01,2026-09-01
PAAS,Mid Cap Extended,2026-07-01,2026-09-01
PARR,Small Cap Extended,2026-07-01,2026-09-01
PATH,Mid Cap Extended,2026-07-01,2026-09-01
PATK,Small Cap Extended,2026-07-01,2026-09-01
PAYC,Industrials,2026-07-01,2026-09-01
PB,Small Cap Extended,2026-07-01,2026-09-01
PBA,Small Cap Extended,2026-07-01,2026-08-01
PBF,Mid Cap Extended,2026-07-01,2026-09-01
PBR,Mid Cap Extended,2026-07-01,2026-09-01
PCOR,Mid Cap Extended,2026-07-01,2026-09-01
PCTY,Mid Cap Extended,2026-07-01,2026-09-01
PCVX,Small Cap Extended,2026-07-01,2026-09-01
PDD,Mid Cap Extended,2026-07-01,2026-09-01
PEGA,Small Cap Extended,2026-07-01,2026-09-01
PEN,Mid Cap Extended,2026-07-01,2026-09-01
PENG,Mid Cap Extended,2026-07-01,2026-09-01
PENN,Consumer Discretionary,2026-07-01,2026-09-01
PFGC,Mid Cap Extended,2026-07-01,2026-09-01
PGY,Small Cap Extended,2026-07-01,2026-09-01
PHYS,Small Cap Extended,2026-07-01,2026-09-01
PI,Mid Cap Extended,2026-07-01,2026-09-01
PII,Mid Cap Extended,2026-07-01,2026-09-01
PINS,Mid Cap Extended,2026-07-01,2026-09-01
PJT,Small Cap Extended,2026-07-01,2026-09-01
PL,Small Cap Extended,2026-07-01,2026-09-01
PLNT,Mid Cap Extended,2026-07-01,2026-09-01
PLXS,Small Cap Extended,2026-07-01,2026-09-01
PNFP,Small Cap Extended,2026-07-01,2026-09-01
POET,Mid Cap Extended,2026-07-01,2026-09-01
POOL,Consumer Discretionary,2026-07-01,2026-09-01
POR,Small Cap Extended,2026-07-01,2026-09-01
POST,Small Cap Extended,2026-07-01,2026-09-01
POWI,Small Cap Extended,2026-07-01,2026-09-01
POWL,Mid Cap Extended,2026-07-01,2026-09-01
PR,Mid Cap Extended,2026-07-01,2026-09-01
PRAX,Small Cap Extended,2026-07-01,2026-09-01
PRI,Small Cap Extended,2026-07-01,2026-08-01
PRIM,Mid Cap Extended,2026-07-01,2026-09-01
PRMB,Mid Cap Extended,2026-07-01,2026-09-01
PSI,Small Cap Extended,2026-07-01,2026-09-01
PSLV,Small Cap Extended,2026-07-01,2026-09-01
PSN,Mid Cap Extended,2026-07-01,2026-09-01
PTCT,Small Cap Extended,2026-07-01,2026-09-01
PTEN,Mid Cap Extended,2026-07-01,2026-09-01
PTGX,Small Cap Extended,2026-07-01,2026-09-01
PTON,Mid Cap Extended,2026-07-01,2026-09-01
PUMP,Small Cap Extended,2026-07-01,2026-09-01
PURR,Small Cap Extended,2026-07-01,2026-09-01
PVAL,Small Cap Extended,2026-07-01,2026-09-01
PVH,Consumer Discretionary,2026-07-01,2026-09-01
QBTS,Mid Cap Extended,2026-07-01,2026-09-01
QCML,Small Cap Extended,2026-07-01,2026-09-01
QGEN,Small Cap Extended,2026-07-01,2026-09-01
QLYS,Small Cap Extended,2026-07-01,2026-09-01
QRVO,Information Technology,2026-07-01,2026-09-01
QS,Mid Cap Extended,2026-07-01,2026-09-01
QSR,Mid Cap Extended,2026-07-01,2026-09-01
QTEC,Small Cap Extended,2026-07-01,2026-09-01
QTUM,Small Cap Extended,2026-07-01,2026-09-01
QUBT,Mid Cap Extended,2026-07-01,2026-09-01
QURE,Small Cap Extended,2026-07-01,2026-09-01
QXO,Small Cap Extended,2026-07-01,2026-09-01
R,Industrials,2026-07-01,2026-09-01
RACE,Mid Cap Extended,2026-07-01,2026-09-01
RAL,Small Cap Extended,2026-07-01,2026-09-01
RARE,Small Cap Extended,2026-07-01,2026-09-01
RBA,Small Cap Extended,2026-07-01,2026-09-01
RBC,Mid Cap Extended,2026-07-01,2026-09-01
RBLX,Mid Cap Extended,2026-07-01,2026-09-01
RBRK,Mid Cap Extended,2026-07-01,2026-09-01
RCAT,Mid Cap Extended,2026-07-01,2026-09-01
RDDT,Mid Cap Extended,2026-07-01,2026-09-01
RDW,Small Cap Extended,2026-07-01,2026-09-01
RELX,Small Cap Extended,2026-07-01,2026-09-01
RELY,Small Cap Extended,2026-07-01,2026-09-01
REMX,Mid Cap Extended,2026-07-01,2026-09-01
REXR,Mid Cap Extended,2026-07-01,2026-09-01
RGA,Mid Cap Extended,2026-07-01,2026-09-01
RGEN,Mid Cap Extended,2026-07-01,2026-09-01
RGLD,Mid Cap Extended,2026-07-01,2026-09-01
RGTI,Mid Cap Extended,2026-07-01,2026-09-01
RH,Mid Cap Extended,2026-07-01,2026-09-01
RHI,Industrials,2026-07-01,2026-09-01
RHP,Small Cap Extended,2026-07-01,2026-09-01
RIO,Mid Cap Extended,2026-07-01,2026-09-01
RIOT,Mid Cap Extended,2026-07-01,2026-09-01
RIVN,Mid Cap Extended,2026-07-01,2026-09-01
RKLB,Mid Cap Extended,2026-07-01,2026-09-01
RKT,Small Cap Extended,2026-07-01,2026-09-01
RLAY,Small Cap Extended,2026-07-01,2026-09-01
RMBS,Mid Cap Extended,2026-07-01,2026-09-01
RNG,Mid Cap Extended,2026-07-01,2026-09-01
RNR,Mid Cap Extended,2026-07-01,2026-09-01
ROAD,Small Cap Extended,2026-07-01,2026-09-01
ROIV,Mid Cap Extended,2026-07-01,2026-09-01
ROKU,Mid Cap Extended,2026-07-01,2026-09-01
RPM,Mid Cap Extended,2026-07-01,2026-09-01
RPRX,Mid Cap Extended,2026-07-01,2026-09-01
RRC,Energy,2026-07-01,2026-09-01
RRX,Mid Cap Extended,2026-07-01,2026-09-01
RS,Mid Cap Extended,2026-07-01,2026-09-01
RSI,Small Cap Extended,2026-07-01,2026-09-01
RUN,Mid Cap Extended,2026-07-01,2026-09-01
RVMD,Small Cap Extended,2026-07-01,2026-09-01
RXT,Small Cap Extended,2026-07-01,2026-08-01
RY,Mid Cap Extended,2026-07-01,2026-09-01
RYAAY,Mid Cap Extended,2026-07-01,2026-09-01
RYAN,Small Cap Extended,2026-07-01,2026-09-01
RYTM,Small Cap Extended,2026-07-01,2026-09-01
S,Mid Cap Extended,2026-07-01,2026-09-01
SAIA,Mid Cap Extended,2026-07-01,2026-09-01
SAIC,Small Cap Extended,2026-07-01,2026-09-01
SAIL,Small Cap Extended,2026-07-01,2026-09-01
SAM,Small Cap Extended,2026-07-01,2026-09-01
SAN,Small Cap Extended,2026-07-01,2026-09-01
SANM,Mid Cap Extended,2026-07-01,2026-09-01
SAP,Mid Cap Extended,2026-07-01,2026-09-01
SARO,Small Cap Extended,2026-07-01,2026-09-01
SATL,Small Cap Extended,2026-07-01,2026-08-01
SBSW,Small Cap Extended,2026-07-01,2026-08-01
SCCO,Mid Cap Extended,2026-07-01,2026-09-01
SCHI,Small Cap Extended,2026-07-01,2026-09-01
SCI,Mid Cap Extended,2026-07-01,2026-09-01
SE,Energy,2026-07-01,2026-09-01
SEDG,Information Technology,2026-07-01,2026-09-01
SEI,Small Cap Extended,2026-07-01,2026-09-01
SEIC,Small Cap Extended,2026-07-01,2026-09-01
SEZL,Small Cap Extended,2026-07-01,2026-09-01
SF,Small Cap Extended,2026-07-01,2026-09-01
SFM,Mid Cap Extended,2026-07-01,2026-09-01
SGI,Mid Cap Extended,2026-07-01,2026-09-01
SGML,Small Cap Extended,2026-07-01,2026-08-01
SHAK,Mid Cap Extended,2026-07-01,2026-09-01
SHEL,Mid Cap Extended,2026-07-01,2026-09-01
SHLD,Mid Cap Extended,2026-07-01,2026-09-01
SHOP,Mid Cap Extended,2026-07-01,2026-09-01
SIG,Consumer Discretionary,2026-07-01,2026-09-01
SIMO,Small Cap Extended,2026-07-01,2026-09-01
SIRI,Mid Cap Extended,2026-07-01,2026-09-01
SITE,Small Cap Extended,2026-07-01,2026-09-01
SITM,Mid Cap Extended,2026-07-01,2026-09-01
SKM,Small Cap Extended,2026-07-01,2026-09-01
SKY,Small Cap Extended,2026-07-01,2026-09-01
SLAB,Mid Cap Extended,2026-07-01,2026-09-01
SLM,Small Cap Extended,2026-07-01,2026-09-01
SLS,Mid Cap Extended,2026-07-01,2026-09-01
SM,Mid Cap Extended,2026-07-01,2026-09-01
SMG,Small Cap Extended,2026-07-01,2026-09-01
SMMT,Mid Cap Extended,2026-07-01,2026-09-01
SMR,Mid Cap Extended,2026-07-01,2026-09-01
SMTC,Small Cap Extended,2026-07-01,2026-09-01
SN,Mid Cap Extended,2026-07-01,2026-09-01
SNDQ,Mid Cap Extended,2026-07-01,2026-09-01
SNDU,Small Cap Extended,2026-07-01,2026-09-01
SNEX,Small Cap Extended,2026-07-01,2026-09-01
SNOW,Mid Cap Extended,2026-07-01,2026-09-01
SNX,Mid Cap Extended,2026-07-01,2026-09-01
SNXX,Mid Cap Extended,2026-07-01,2026-09-01
SNY,Mid Cap Extended,2026-07-01,2026-09-01
SOFI,Mid Cap Extended,2026-07-01,2026-09-01
SOLS,Materials,2026-07-01,2026-09-01
SON,Small Cap Extended,2026-07-01,2026-09-01
SONY,Mid Cap Extended,2026-07-01,2026-09-01
SOUN,Mid Cap Extended,2026-07-01,2026-09-01
SOXQ,Small Cap Extended,2026-07-01,2026-09-01
SPHR,Small Cap Extended,2026-07-01,2026-09-01
SPMO,Mid Cap Extended,2026-07-01,2026-09-01
SPOT,Mid Cap Extended,2026-07-01,2026-09-01
SPXC,Mid Cap Extended,2026-07-01,2026-09-01
SPYM,Mid Cap Extended,2026-07-01,2026-09-01
SQM,Small Cap Extended,2026-07-01,2026-09-01
SRPT,Mid Cap Extended,2026-07-01,2026-09-01
SRRK,Small Cap Extended,2026-07-01,2026-09-01
SSB,Small Cap Extended,2026-07-01,2026-09-01
SSD,Small Cap Extended,2026-07-01,2026-09-01
SSNC,Mid Cap Extended,2026-07-01,2026-09-01
SSRM,Small Cap Extended,2026-07-01,2026-09-01
ST,Mid Cap Extended,2026-07-01,2026-09-01
STEP,Small Cap Extended,2026-07-01,2026-09-01
STI,Financials,2026-07-01,2026-09-01
STLA,Mid Cap Extended,2026-07-01,2026-09-01
STM,Mid Cap Extended,2026-07-01,2026-09-01
STNE,Mid Cap Extended,2026-07-01,2026-09-01
STNG,Small Cap Extended,2026-07-01,2026-09-01
STRC,Small Cap Extended,2026-07-01,2026-09-01
STRL,Mid Cap Extended,2026-07-01,2026-09-01
STUB,Small Cap Extended,2026-07-01,2026-09-01
SU,Mid Cap Extended,2026-07-01,2026-09-01
SUI,Mid Cap Extended,2026-07-01,2026-09-01
SUNB,Mid Cap Extended,2026-07-01,2026-09-01
SXI,Small Cap Extended,2026-07-01,2026-09-01
SYM,Mid Cap Extended,2026-07-01,2026-09-01
SYNA,Small Cap Extended,2026-07-01,2026-09-01
SYRE,Small Cap Extended,2026-07-01,2026-09-01
TBIL,Mid Cap Extended,2026-07-01,2026-09-01
TCOM,Mid Cap Extended,2026-07-01,2026-09-01
TD,Mid Cap Extended,2026-07-01,2026-09-01
TDC,Information Technology,2026-07-01,2026-09-01
TDIC,Small Cap Extended,2026-07-01,2026-08-01
TDW,Small Cap Extended,2026-07-01,2026-09-01
TE,Utilities,2026-07-01,2026-09-01
TEAM,Mid Cap Extended,2026-07-01,2026-09-01
TECK,Mid Cap Extended,2026-07-01,2026-09-01
TEM,Mid Cap Extended,2026-07-01,2026-09-01
TENB,Small Cap Extended,2026-07-01,2026-09-01
TEVA,Mid Cap Extended,2026-07-01,2026-09-01
TEX,Small Cap Extended,2026-07-01,2026-09-01
TFII,Small Cap Extended,2026-07-01,2026-08-01
TFX,Health Care,2026-07-01,2026-09-01
TGTX,Mid Cap Extended,2026-07-01,2026-09-01
THC,Health Care,2026-07-01,2026-09-01
THG,Small Cap Extended,2026-07-01,2026-09-01
THO,Mid Cap Extended,2026-07-01,2026-09-01
TIGO,Small Cap Extended,2026-07-01,2026-09-01
TKR,Small Cap Extended,2026-07-01,2026-09-01
TLN,Mid Cap Extended,2026-07-01,2026-09-01
TM,Small Cap Extended,2026-07-01,2026-09-01
TMDX,Mid Cap Extended,2026-07-01,2026-09-01
TME,Mid Cap Extended,2026-07-01,2026-09-01
TMHC,Small Cap Extended,2026-07-01,2026-09-01
TNGX,Small Cap Extended,2026-07-01,2026-09-01
TNL,Small Cap Extended,2026-07-01,2026-09-01
TOL,Mid Cap Extended,2026-07-01,2026-09-01
TOST,Mid Cap Extended,2026-07-01,2026-09-01
TPG,Small Cap Extended,2026-07-01,2026-09-01
TREX,Mid Cap Extended,2026-07-01,2026-09-01
TRI,Small Cap Extended,2026-07-01,2026-09-01
TRP,Mid Cap Extended,2026-07-01,2026-09-01
TRU,Mid Cap Extended,2026-07-01,2026-09-01
TS,Mid Cap Extended,2026-07-01,2026-09-01
TSEM,Small Cap Extended,2026-07-01,2026-09-01
TSM,Mid Cap Extended,2026-07-01,2026-09-01
TTAN,Mid Cap Extended,2026-07-01,2026-09-01
TTC,Small Cap Extended,2026-07-01,2026-09-01
TTE,Mid Cap Extended,2026-07-01,2026-09-01
TTEK,Small Cap Extended,2026-07-01,2026-09-01
TTMI,Small Cap Extended,2026-07-01,2026-09-01
TU,Small Cap Extended,2026-07-01,2026-09-01
TVTX,Small Cap Extended,2026-07-01,2026-09-01
TW,Mid Cap Extended,2026-07-01,2026-09-01
TWLO,Mid Cap Extended,2026-07-01,2026-09-01
TWST,Small Cap Extended,2026-07-01,2026-09-01
TXG,Mid Cap Extended,2026-07-01,2026-09-01
TXNM,Small Cap Extended,2026-07-01,2026-09-01
TXRH,Mid Cap Extended,2026-07-01,2026-09-01
U,Mid Cap Extended,2026-07-01,2026-09-01
UAMY,Mid Cap Extended,2026-07-01,2026-09-01
UBS,Small Cap Extended,2026-07-01,2026-09-01
UEC,Mid Cap Extended,2026-07-01,2026-09-01
UFO,Small Cap Extended,2026-07-01,2026-09-01
UGI,Small Cap Extended,2026-07-01,2026-09-01
UGL,Mid Cap Extended,2026-07-01,2026-09-01
UI,Small Cap Extended,2026-07-01,2026-09-01
UL,Mid Cap Extended,2026-07-01,2026-09-01
ULS,Small Cap Extended,2026-07-01,2026-09-01
UMAC,Small Cap Extended,2026-07-01,2026-09-01
UMBF,Small Cap Extended,2026-07-01,2026-09-01
UMC,Mid Cap Extended,2026-07-01,2026-09-01
UNF,Small Cap Extended,2026-07-01,2026-08-01
UNM,Financials,2026-07-01,2026-09-01
UPST,Mid Cap Extended,2026-07-01,2026-09-01
URBN,Consumer Discretionary,2026-07-01,2026-09-01
URTH,Mid Cap Extended,2026-07-01,2026-09-01
USAR,Mid Cap Extended,2026-07-01,2026-09-01
USD,Small Cap Extended,2026-07-01,2026-09-01
USFD,Mid Cap Extended,2026-07-01,2026-09-01
UTHR,Mid Cap Extended,2026-07-01,2026-09-01
UUUU,Small Cap Extended,2026-07-01,2026-09-01
VAL,Mid Cap Extended,2026-07-01,2026-09-01
VALE,Mid Cap Extended,2026-07-01,2026-09-01
VC,Small Cap Extended,2026-07-01,2026-09-01
VECO,Small Cap Extended,2026-07-01,2026-09-01
VELO,Small Cap Extended,2026-07-01,2026-09-01
VFC,Consumer Discretionary,2026-07-01,2026-09-01
VG,Small Cap Extended,2026-07-01,2026-09-01
VGNT,Small Cap Extended,2026-07-01,2026-09-01
VIAV,Small Cap Extended,2026-07-01,2026-09-01
VICR,Mid Cap Extended,2026-07-01,2026-09-01
VIK,Mid Cap Extended,2026-07-01,2026-09-01
VIRT,Small Cap Extended,2026-07-01,2026-09-01
VISN,Small Cap Extended,2026-07-01,2026-09-01
VIST,Small Cap Extended,2026-07-01,2026-09-01
VKTX,Mid Cap Extended,2026-07-01,2026-09-01
VLY,Small Cap Extended,2026-07-01,2026-09-01
VMI,Small Cap Extended,2026-07-01,2026-09-01
VNET,Small Cap Extended,2026-07-01,2026-09-01
VNO,Real Estate,2026-07-01,2026-09-01
VNOM,Small Cap Extended,2026-07-01,2026-09-01
VOD,Mid Cap Extended,2026-07-01,2026-09-01
VOOG,Mid Cap Extended,2026-07-01,2026-09-01
VOYA,Mid Cap Extended,2026-07-01,2026-09-01
VOYG,Small Cap Extended,2026-07-01,2026-09-01
VRNS,Small Cap Extended,2026-07-01,2026-09-01
VSAT,Small Cap Extended,2026-07-01,2026-09-01
VSEC,Small Cap Extended,2026-07-01,2026-09-01
VSH,Small Cap Extended,2026-07-01,2026-09-01
VSNT,Small Cap Extended,2026-07-01,2026-09-01
VSXY,Mid Cap Extended,2026-07-01,2026-09-01
VVV,Small Cap Extended,2026-07-01,2026-09-01
W,Mid Cap Extended,2026-07-01,2026-09-01
WAL,Mid Cap Extended,2026-07-01,2026-09-01
WAY,Small Cap Extended,2026-07-01,2026-08-01
WBS,Small Cap Extended,2026-07-01,2026-09-01
WCC,Mid Cap Extended,2026-07-01,2026-09-01
WCN,Mid Cap Extended,2026-07-01,2026-09-01
WEN,Mid Cap Extended,2026-07-01,2026-09-01
WES,Small Cap Extended,2026-07-01,2026-08-01
WEX,Mid Cap Extended,2026-07-01,2026-09-01
WFRD,Mid Cap Extended,2026-07-01,2026-09-01
WGS,Mid Cap Extended,2026-07-01,2026-09-01
WH,Mid Cap Extended,2026-07-01,2026-09-01
WHR,Consumer Discretionary,2026-07-01,2026-09-01
WING,Mid Cap Extended,2026-07-01,2026-09-01
WIX,Mid Cap Extended,2026-07-01,2026-09-01
WK,Small Cap Extended,2026-07-01,2026-09-01
WLK,Mid Cap Extended,2026-07-01,2026-09-01
WMG,Small Cap Extended,2026-07-01,2026-09-01
WMS,Mid Cap Extended,2026-07-01,2026-09-01
WOLF,Mid Cap Extended,2026-07-01,2026-09-01
WPC,Mid Cap Extended,2026-07-01,2026-09-01
WPM,Mid Cap Extended,2026-07-01,2026-09-01
WRBY,Small Cap Extended,2026-07-01,2026-09-01
WSC,Mid Cap Extended,2026-07-01,2026-09-01
WSO,Mid Cap Extended,2026-07-01,2026-09-01
WTFC,Small Cap Extended,2026-07-01,2026-09-01
WTRG,Small Cap Extended,2026-07-01,2026-09-01
WTS,Small Cap Extended,2026-07-01,2026-09-01
WU,Financials,2026-07-01,2026-09-01
WULF,Mid Cap Extended,2026-07-01,2026-09-01
WWD,Small Cap Extended,2026-07-01,2026-09-01
XAR,Small Cap Extended,2026-07-01,2026-09-01
XE,Mid Cap Extended,2026-07-01,2026-09-01
XENE,Small Cap Extended,2026-07-01,2026-09-01
XLG,Mid Cap Extended,2026-07-01,2026-09-01
XMMO,Small Cap Extended,2026-07-01,2026-09-01
XMTR,Small Cap Extended,2026-07-01,2026-09-01
XNDU,Small Cap Extended,2026-07-01,2026-09-01
XP,Mid Cap Extended,2026-07-01,2026-09-01
XPEV,Mid Cap Extended,2026-07-01,2026-09-01
XPO,Mid Cap Extended,2026-07-01,2026-09-01
XRAY,Health Care,2026-07-01,2026-09-01
XSD,Small Cap Extended,2026-07-01,2026-09-01
YETI,Mid Cap Extended,2026-07-01,2026-09-01
YMM,Mid Cap Extended,2026-07-01,2026-09-01
YOU,Small Cap Extended,2026-07-01,2026-09-01
YPF,Small Cap Extended,2026-07-01,2026-09-01
YSS,Small Cap Extended,2026-07-01,2026-09-01
YUMC,Mid Cap Extended,2026-07-01,2026-09-01
Z,Mid Cap Extended,2026-07-01,2026-09-01
ZETA,Mid Cap Extended,2026-07-01,2026-09-01
ZION,Financials,2026-07-01,2026-09-01
ZM,Mid Cap Extended,2026-07-01,2026-09-01
ZS,Mid Cap Extended,2026-07-01,2026-09-01
